Player,Alex Abrines,Quincy Acy,Steven Adams,Arron Afflalo,Alexis Ajinca,Cole Aldrich,LaMarcus Aldridge,Lavoy Allen,Tony Allen,Al-Farouq Aminu,Chris Andersen,Alan Anderson,Justin Anderson,Kyle Anderson,Ryan Anderson,Giannis Antetokounmpo,Carmelo Anthony,Trevor Ariza,Darrell Arthur,Omer Asik,D.J. Augustin,Luke Babbitt,Ron Baker,Wade Baldwin,Leandro Barbosa,J.J. Barea,Harrison Barnes,Matt Barnes,Will Barton,Brandon Bass,Nicolas Batum,Jerryd Bayless,Aron Baynes,Kent Bazemore,Bradley Beal,Malik Beasley,Michael Beasley,Marco Belinelli,DeAndre' Bembry,Dragan Bender,Anthony Bennett,Davis Bertans,Patrick Beverley,Bismack Biyombo,Nemanja Bjelica,Tarik Black,Eric Bledsoe,Bojan Bogdanovic,Andrew Bogut,Joel Bolomboy,Devin Booker,Trevor Booker,Avery Bradley,Corey Brewer,Malcolm Brogdon,Aaron Brooks,Anthony Brown,Bobby Brown,Jaylen Brown,Nicolas Brussino,Reggie Bullock,Trey Burke,Jimmy Butler,Bruno Caboclo,Jose Calderon,Kentavious Caldwell-Pope,Isaiah Canaan,Clint Capela,DeMarre Carroll,Vince Carter,Michael Carter-Williams,Omri Casspi,Willie Cauley-Stein,Tyson Chandler,Wilson Chandler,Marquese Chriss,Rakeem Christmas,Semaj Christon,Ian Clark,Jordan Clarkson,Darren Collison,Nick Collison,Mike Conley,Pat Connaughton,DeMarcus Cousins,Robert Covington,Allen Crabbe,Jamal Crawford,Jae Crowder,Dante Cunningham,Seth Curry,Stephen Curry,Troy Daniels,Anthony Davis,Deyonta Davis,Ed Davis,Dewayne Dedmon,Sam Dekker,Malcolm Delaney,Matthew Dellavedova,Luol Deng,DeMar DeRozan,Cheick Diallo,Boris Diaw,Gorgui Dieng,Toney Douglas,Goran Dragic,Andre Drummond,Jared Dudley,Mike Dunleavy,Kris Dunn,Kevin Durant,Henry Ellenson,Wayne Ellington,Monta Ellis,Joel Embiid,James Ennis,Tyler Ennis,Dante Exum,Kenneth Faried,Jordan Farmar,Derrick Favors,Kay Felder,Cristiano Felicio,Raymond Felton,Yogi Ferrell,Dorian Finney-Smith,Bryn Forbes,Evan Fournier,Randy Foye,Tim Frazier,Channing Frye,Danilo Gallinari,Langston Galloway,Marc Gasol,Pau Gasol,Rudy Gay,Michael Gbinije,Alonzo Gee,Paul George,Jonathan Gibson,Taj Gibson,Manu Ginobili,Rudy Gobert,Archie Goodwin,Aaron Gordon,Eric Gordon,Marcin Gortat,Treveon Graham,Jerami Grant,Jerami Grant,Jerami Grant,Jerian Grant,Danny Green,Draymond Green,Gerald Green,JaMychal Green,Jeff Green,Blake Griffin,Justin Hamilton,A.J. Hammons,Tim Hardaway,James Harden,Maurice Harkless,Montrezl Harrell,Devin Harris,Gary Harris,Joe Harris,Tobias Harris,Aaron Harrison,Andrew Harrison,Udonis Haslem,Spencer Hawes,Gordon Hayward,Gerald Henderson,John Henson,Juan Hernangomez,Willy Hernangomez,Mario Hezonja,Roy Hibbert,Buddy Hield,Nene Hilario,George Hill,Jordan Hill,Solomon Hill,Darrun Hilliard,Jrue Holiday,Justin Holiday,Rondae Hollis-Jefferson,Richaun Holmes,Rodney Hood,Al Horford,Danuel House,Dwight Howard,Marcelo Huertas,Kris Humphries,R.J. Hunter,Serge Ibaka,Andre Iguodala,Ersan Ilyasova,Ersan Ilyasova,Ersan Ilyasova,Joe Ingles,Brandon Ingram,Kyrie Irving,Demetrius Jackson,Reggie Jackson,LeBron James,Al Jefferson,Richard Jefferson,John Jenkins,Brandon Jennings,Jonas Jerebko,Amir Johnson,James Johnson,Joe Johnson,Stanley Johnson,Tyler Johnson,Wesley Johnson,Nikola Jokic,Derrick Jones,James Jones,Terrence Jones,Tyus Jones,DeAndre Jordan,Cory Joseph,Frank Kaminsky,Enes Kanter,Ryan Kelly,Michael Kidd-Gilchrist,Sean Kilpatrick,Brandon Knight,Kyle Korver,Kosta Koufos,Mindaugas Kuzminskas,Skal Labissiere,Jeremy Lamb,Nicolas Laprovittola,Joffrey Lauvergne,Zach LaVine,Ty Lawson,Jake Layman,Courtney Lee,David Lee,Alex Len,Kawhi Leonard,Meyers Leonard,Jon Leuer,Caris LeVert,DeAndre Liggins,Damian Lillard,Jeremy Lin,Shaun Livingston,Kevon Looney,Brook Lopez,Robin Lopez,Kevin Love,Kyle Lowry,John Lucas III,Timothe Luwawu-Cabarrot,Trey Lyles,Shelvin Mack,Ian Mahinmi,Thon Maker,Boban Marjanovic,Jarell Martin,Wesley Matthews,Luc Mbah a Moute,James Michael McAdoo,Patrick McCaw,Sheldon McClellan,C.J. McCollum,T.J. McConnell,Chris McCullough,K.J. McDaniels,Doug McDermott,JaVale McGee,Rodney McGruder,Ben McLemore,Jordan McRae,Josh McRoberts,Jodie Meeks,Salah Mejri,Jordan Mickey,C.J. Miles,Mike Miller,Patrick Mills,Paul Millsap,Nikola Mirotic,Greg Monroe,E'Twaun Moore,Marcus Morris,Markieff Morris,Anthony Morrow,Timofey Mozgov,Emmanuel Mudiay,Shabazz Muhammad,Dejounte Murray,Jamal Murray,Mike Muscala,Larry Nance Jr.,Shabazz Napier,Maurice Ndour,Jameer Nelson,Raul Neto,Georges Niang,Andrew Nicholson,Joakim Noah,Lucas Nogueira,Steve Novak,Dirk Nowitzki,Jusuf Nurkic,Kyle O'Quinn,Daniel Ochefu,Jahlil Okafor,Victor Oladipo,Kelly Olynyk,Arinze Onuaku,Kelly Oubre,Zaza Pachulia,Georgios Papagiannis,Jabari Parker,Tony Parker,Chandler Parsons,Patrick Patterson,Chris Paul,Adreian Payne,Elfrid Payton,Paul Pierce,Marshall Plumlee,Mason Plumlee,Miles Plumlee,Jakob Poeltl,Otto Porter,Bobby Portis,Kristaps Porzingis,Dwight Powell,Norman Powell,Tim Quarterman,Julius Randle,Zach Randolph,J.J. Redick,Willie Reed,Josh Richardson,Malachi Richardson,Austin Rivers,Andre Roberson,Brian Roberts,Glenn Robinson,Thomas Robinson,Sergio Rodriguez,Rajon Rondo,Derrick Rose,Terrence Ross,Terry Rozier,Ricky Rubio,Damjan Rudez,Brandon Rush,D'Angelo Russell,Domantas Sabonis,Dario Saric,Tomas Satoransky,Dennis Schroder,Luis Scola,Mike Scott,Thabo Sefolosha,Kevin Seraphin,Ramon Sessions,Iman Shumpert,Pascal Siakam,Jonathon Simmons,Kyle Singler,Marcus Smart,Ish Smith,J.R. Smith,Jason Smith,Tony Snell,Marreese Speights,Nik Stauskas,Lance Stephenson,Jarnell Stokes,Diamond Stone,Rodney Stuckey,Walter Tavares,Jeff Teague,Mirza Teletovic,Garrett Temple,Jason Terry,Isaiah Thomas,Lance Thomas,Hollis Thompson,Klay Thompson,Tristan Thompson,Marcus Thornton,Anthony Tolliver,Karl-Anthony Towns,P.J. Tucker,Evan Turner,Myles Turner,Beno Udrih,Tyler Ulis,Jonas Valanciunas,Denzel Valentine,Fred VanVleet,Anderson Varejao,Greivis Vasquez,Rashad Vaughn,Noah Vonleh,Nikola Vucevic,Sasha Vujacic,Dwyane Wade,Dion Waiters,Kemba Walker,John Wall,Taurean Waller-Prince,T.J. Warren,C.J. Watson,David West,Russell Westbrook,Isaiah Whitehead,Hassan Whiteside,Andrew Wiggins,C.J. Wilcox,Alan Williams,Deron Williams,Derrick Williams,Lou Williams,Marvin Williams,Troy Williams,Kyle Wiltjer,Justise Winslow,Jeff Withey,Christian Wood,Metta World Peace,James Young,Joe Young,Nick Young,Thaddeus Young,Cody Zeller,Tyler Zeller,Stephen Zimmerman,Paul Zipser,Ivica Zubac
Rk,1.0,2.0,3.0,4.0,5.0,6.0,7.0,8.0,9.0,10.0,11.0,12.0,13.0,14.0,15.0,16.0,17.0,18.0,19.0,20.0,21.0,22.0,23.0,24.0,25.0,26.0,27.0,28.0,29.0,30.0,31.0,32.0,33.0,34.0,35.0,36.0,37.0,38.0,39.0,40.0,41.0,42.0,43.0,44.0,45.0,46.0,47.0,48.0,49.0,50.0,51.0,52.0,53.0,54.0,55.0,56.0,57.0,58.0,59.0,60.0,61.0,62.0,63.0,64.0,65.0,66.0,67.0,68.0,69.0,70.0,71.0,72.0,73.0,74.0,75.0,76.0,77.0,78.0,79.0,80.0,81.0,82.0,83.0,84.0,85.0,86.0,87.0,88.0,89.0,90.0,91.0,92.0,93.0,94.0,95.0,96.0,97.0,98.0,99.0,100.0,101.0,102.0,103.0,104.0,105.0,106.0,107.0,108.0,109.0,110.0,111.0,112.0,113.0,114.0,115.0,116.0,117.0,118.0,119.0,120.0,121.0,122.0,123.0,124.0,125.0,126.0,127.0,128.0,129.0,130.0,131.0,132.0,133.0,134.0,135.0,136.0,137.0,138.0,139.0,140.0,141.0,142.0,143.0,144.0,145.0,146.0,147.0,148.0,149.0,150.0,150.0,150.0,151.0,152.0,153.0,154.0,155.0,156.0,157.0,158.0,159.0,160.0,161.0,162.0,163.0,164.0,165.0,166.0,167.0,168.0,169.0,170.0,171.0,172.0,173.0,174.0,175.0,176.0,177.0,178.0,179.0,180.0,181.0,182.0,183.0,184.0,185.0,186.0,187.0,188.0,189.0,190.0,191.0,192.0,193.0,194.0,195.0,196.0,197.0,198.0,198.0,198.0,199.0,200.0,201.0,202.0,203.0,204.0,205.0,206.0,207.0,208.0,209.0,210.0,211.0,212.0,213.0,214.0,215.0,216.0,217.0,218.0,219.0,220.0,221.0,222.0,223.0,224.0,225.0,226.0,227.0,228.0,229.0,230.0,231.0,232.0,233.0,234.0,235.0,236.0,237.0,238.0,239.0,240.0,241.0,242.0,243.0,244.0,245.0,246.0,247.0,248.0,249.0,250.0,251.0,252.0,253.0,254.0,255.0,256.0,257.0,258.0,259.0,260.0,261.0,262.0,263.0,264.0,265.0,266.0,267.0,268.0,269.0,270.0,271.0,272.0,273.0,274.0,275.0,276.0,277.0,278.0,279.0,280.0,281.0,282.0,283.0,284.0,285.0,286.0,287.0,288.0,289.0,290.0,291.0,292.0,293.0,294.0,295.0,296.0,297.0,298.0,299.0,300.0,301.0,302.0,303.0,304.0,305.0,306.0,307.0,308.0,309.0,310.0,311.0,312.0,313.0,314.0,315.0,316.0,317.0,318.0,319.0,320.0,321.0,322.0,323.0,324.0,325.0,326.0,327.0,328.0,329.0,330.0,331.0,332.0,333.0,334.0,335.0,336.0,337.0,338.0,339.0,340.0,341.0,342.0,343.0,344.0,345.0,346.0,347.0,348.0,349.0,350.0,351.0,352.0,353.0,354.0,355.0,356.0,357.0,358.0,359.0,360.0,361.0,362.0,363.0,364.0,365.0,366.0,367.0,368.0,369.0,370.0,371.0,372.0,373.0,374.0,375.0,376.0,377.0,378.0,379.0,380.0,381.0,382.0,383.0,384.0,385.0,386.0,387.0,388.0,389.0,390.0,391.0,392.0,393.0,394.0,395.0,396.0,397.0,398.0,399.0,400.0,401.0,402.0,403.0,404.0,405.0,406.0,407.0,408.0,409.0,410.0,411.0,412.0,413.0,414.0,415.0,416.0,417.0,418.0,419.0,420.0,421.0,422.0,423.0,424.0,425.0,426.0,427.0,428.0,429.0,430.0,431.0,432.0,433.0,434.0,435.0,436.0,437.0,438.0,439.0
Age,23.0,26.0,23.0,31.0,28.0,28.0,31.0,27.0,35.0,26.0,38.0,34.0,23.0,23.0,28.0,22.0,32.0,31.0,28.0,30.0,29.0,27.0,23.0,20.0,34.0,32.0,24.0,36.0,26.0,31.0,28.0,28.0,30.0,27.0,23.0,20.0,28.0,30.0,22.0,19.0,23.0,24.0,28.0,24.0,28.0,25.0,27.0,27.0,32.0,23.0,20.0,29.0,26.0,30.0,24.0,32.0,24.0,32.0,20.0,23.0,25.0,24.0,27.0,21.0,35.0,23.0,25.0,22.0,30.0,40.0,25.0,28.0,23.0,34.0,29.0,19.0,25.0,24.0,25.0,24.0,29.0,36.0,29.0,24.0,26.0,26.0,24.0,36.0,26.0,29.0,26.0,28.0,25.0,23.0,20.0,27.0,27.0,22.0,27.0,26.0,31.0,27.0,20.0,34.0,27.0,30.0,30.0,23.0,31.0,36.0,22.0,28.0,20.0,29.0,31.0,22.0,26.0,22.0,21.0,27.0,30.0,25.0,21.0,24.0,32.0,23.0,23.0,23.0,24.0,33.0,26.0,33.0,28.0,25.0,32.0,36.0,30.0,24.0,29.0,26.0,29.0,31.0,39.0,24.0,22.0,21.0,28.0,32.0,23.0,22.0,22.0,22.0,24.0,29.0,26.0,31.0,26.0,30.0,27.0,26.0,24.0,24.0,27.0,23.0,23.0,33.0,22.0,25.0,24.0,22.0,22.0,36.0,28.0,26.0,29.0,26.0,21.0,22.0,21.0,30.0,23.0,34.0,30.0,29.0,25.0,23.0,26.0,27.0,22.0,23.0,24.0,30.0,23.0,31.0,33.0,31.0,23.0,27.0,33.0,29.0,29.0,29.0,29.0,19.0,24.0,22.0,26.0,32.0,32.0,36.0,25.0,27.0,29.0,29.0,29.0,35.0,20.0,24.0,29.0,21.0,19.0,36.0,25.0,20.0,28.0,25.0,23.0,24.0,25.0,23.0,27.0,25.0,35.0,27.0,27.0,20.0,24.0,27.0,25.0,21.0,29.0,22.0,31.0,33.0,23.0,25.0,24.0,27.0,22.0,28.0,26.0,28.0,31.0,20.0,28.0,28.0,28.0,30.0,34.0,21.0,21.0,26.0,30.0,19.0,28.0,22.0,30.0,30.0,24.0,21.0,24.0,25.0,24.0,21.0,23.0,25.0,29.0,25.0,23.0,25.0,29.0,29.0,30.0,22.0,29.0,36.0,28.0,31.0,25.0,26.0,27.0,27.0,27.0,31.0,30.0,20.0,24.0,20.0,19.0,25.0,24.0,25.0,24.0,34.0,24.0,23.0,27.0,31.0,24.0,33.0,38.0,22.0,26.0,23.0,21.0,24.0,25.0,29.0,21.0,32.0,19.0,21.0,34.0,28.0,27.0,31.0,25.0,22.0,39.0,24.0,26.0,28.0,21.0,23.0,21.0,21.0,25.0,23.0,22.0,22.0,35.0,32.0,26.0,23.0,21.0,24.0,25.0,31.0,23.0,25.0,30.0,30.0,28.0,25.0,22.0,26.0,30.0,31.0,20.0,20.0,22.0,25.0,23.0,36.0,28.0,32.0,27.0,30.0,26.0,22.0,27.0,28.0,22.0,28.0,31.0,30.0,25.0,29.0,23.0,26.0,23.0,19.0,30.0,24.0,28.0,31.0,30.0,39.0,27.0,28.0,25.0,26.0,25.0,29.0,31.0,21.0,31.0,28.0,20.0,34.0,21.0,24.0,23.0,22.0,34.0,30.0,20.0,21.0,26.0,32.0,35.0,25.0,26.0,26.0,22.0,23.0,32.0,36.0,28.0,21.0,27.0,21.0,26.0,24.0,32.0,25.0,30.0,30.0,22.0,24.0,20.0,26.0,21.0,37.0,21.0,24.0,31.0,28.0,24.0,27.0,20.0,22.0,19.0
G,16.0,6.0,22.0,20.0,11.0,22.0,21.0,21.0,17.0,11.0,9.0,3.0,21.0,20.0,22.0,20.0,22.0,22.0,10.0,23.0,23.0,19.0,6.0,17.0,21.0,9.0,21.0,21.0,11.0,12.0,21.0,3.0,24.0,22.0,18.0,9.0,20.0,22.0,8.0,17.0,14.0,18.0,11.0,22.0,22.0,23.0,22.0,21.0,16.0,7.0,21.0,20.0,22.0,22.0,20.0,19.0,9.0,6.0,22.0,16.0,4.0,17.0,22.0,3.0,14.0,24.0,22.0,22.0,18.0,18.0,3.0,12.0,17.0,14.0,21.0,22.0,3.0,21.0,20.0,24.0,13.0,5.0,17.0,9.0,21.0,20.0,24.0,23.0,14.0,15.0,17.0,23.0,13.0,22.0,19.0,24.0,17.0,22.0,23.0,20.0,24.0,22.0,2.0,15.0,22.0,3.0,17.0,23.0,21.0,16.0,22.0,23.0,5.0,6.0,22.0,15.0,14.0,15.0,23.0,22.0,2.0,11.0,8.0,14.0,22.0,10.0,20.0,10.0,23.0,15.0,23.0,15.0,20.0,23.0,23.0,22.0,20.0,6.0,11.0,15.0,11.0,22.0,19.0,24.0,3.0,23.0,22.0,21.0,5.0,21.0,2.0,19.0,15.0,15.0,22.0,12.0,24.0,22.0,22.0,21.0,9.0,23.0,22.0,23.0,13.0,5.0,5.0,21.0,24.0,4.0,23.0,7.0,20.0,17.0,22.0,18.0,18.0,19.0,14.0,17.0,23.0,18.0,11.0,2.0,23.0,14.0,9.0,22.0,18.0,19.0,21.0,12.0,1.0,22.0,11.0,19.0,3.0,23.0,23.0,23.0,3.0,20.0,24.0,24.0,20.0,4.0,3.0,19.0,22.0,20.0,3.0,22.0,22.0,22.0,20.0,24.0,20.0,21.0,17.0,20.0,1.0,11.0,22.0,15.0,23.0,22.0,20.0,22.0,8.0,21.0,21.0,22.0,21.0,21.0,19.0,1.0,11.0,13.0,20.0,21.0,21.0,13.0,20.0,23.0,22.0,23.0,22.0,24.0,1.0,12.0,24.0,5.0,22.0,20.0,19.0,22.0,20.0,22.0,5.0,16.0,24.0,24.0,1.0,6.0,9.0,23.0,20.0,23.0,10.0,18.0,7.0,24.0,23.0,9.0,14.0,10.0,19.0,21.0,16.0,11.0,13.0,4.0,17.0,9.0,16.0,4.0,23.0,20.0,22.0,19.0,20.0,24.0,21.0,16.0,23.0,22.0,19.0,11.0,23.0,23.0,21.0,13.0,11.0,23.0,10.0,13.0,15.0,18.0,16.0,2.0,5.0,23.0,22.0,3.0,19.0,22.0,16.0,3.0,20.0,23.0,1.0,20.0,15.0,6.0,22.0,23.0,7.0,23.0,6.0,2.0,24.0,17.0,11.0,21.0,18.0,22.0,21.0,18.0,7.0,21.0,17.0,22.0,15.0,13.0,2.0,23.0,22.0,5.0,20.0,15.0,23.0,19.0,21.0,21.0,22.0,17.0,12.0,9.0,13.0,22.0,23.0,18.0,23.0,18.0,3.0,20.0,12.0,22.0,19.0,22.0,23.0,10.0,19.0,24.0,16.0,20.0,19.0,23.0,23.0,6.0,2.0,3.0,12.0,1.0,22.0,18.0,21.0,15.0,21.0,12.0,23.0,23.0,20.0,20.0,9.0,22.0,22.0,24.0,21.0,21.0,13.0,20.0,16.0,5.0,6.0,3.0,11.0,18.0,23.0,14.0,20.0,16.0,22.0,19.0,15.0,13.0,18.0,23.0,22.0,17.0,22.0,22.0,9.0,8.0,13.0,13.0,24.0,16.0,18.0,4.0,9.0,20.0,1.0,10.0,11.0,15.0,18.0,22.0,19.0,21.0,2.0,6.0,4.0
GS,0.0,0.0,22.0,18.0,1.0,0.0,21.0,0.0,15.0,8.0,0.0,0.0,2.0,7.0,22.0,20.0,22.0,22.0,1.0,18.0,7.0,11.0,0.0,1.0,0.0,5.0,21.0,4.0,11.0,0.0,21.0,1.0,1.0,22.0,18.0,0.0,0.0,0.0,0.0,0.0,1.0,1.0,11.0,7.0,1.0,0.0,22.0,21.0,16.0,0.0,21.0,20.0,22.0,3.0,0.0,0.0,0.0,0.0,3.0,0.0,0.0,0.0,22.0,0.0,9.0,24.0,0.0,22.0,18.0,0.0,0.0,1.0,0.0,13.0,2.0,15.0,0.0,0.0,0.0,2.0,9.0,0.0,16.0,0.0,21.0,20.0,1.0,0.0,14.0,10.0,6.0,23.0,2.0,22.0,0.0,10.0,1.0,0.0,0.0,20.0,24.0,22.0,0.0,12.0,22.0,0.0,17.0,23.0,7.0,1.0,5.0,23.0,0.0,3.0,21.0,15.0,13.0,0.0,11.0,14.0,0.0,9.0,0.0,0.0,1.0,0.0,13.0,0.0,23.0,1.0,22.0,0.0,20.0,0.0,23.0,22.0,20.0,0.0,0.0,15.0,0.0,22.0,0.0,24.0,0.0,15.0,8.0,21.0,1.0,0.0,0.0,0.0,3.0,15.0,22.0,0.0,24.0,8.0,22.0,2.0,0.0,1.0,22.0,23.0,0.0,0.0,4.0,0.0,24.0,0.0,9.0,0.0,0.0,17.0,22.0,11.0,1.0,0.0,0.0,5.0,3.0,0.0,11.0,0.0,15.0,0.0,3.0,2.0,14.0,2.0,21.0,12.0,0.0,22.0,1.0,0.0,0.0,23.0,0.0,13.0,0.0,13.0,1.0,6.0,20.0,0.0,3.0,19.0,1.0,2.0,0.0,1.0,1.0,21.0,0.0,8.0,0.0,0.0,0.0,8.0,0.0,0.0,3.0,0.0,23.0,0.0,6.0,0.0,0.0,21.0,11.0,4.0,19.0,17.0,0.0,0.0,1.0,3.0,0.0,21.0,14.0,0.0,20.0,1.0,9.0,23.0,4.0,0.0,0.0,1.0,24.0,5.0,0.0,1.0,19.0,22.0,20.0,22.0,0.0,0.0,3.0,3.0,0.0,0.0,0.0,2.0,20.0,23.0,0.0,0.0,2.0,24.0,0.0,0.0,0.0,0.0,0.0,9.0,1.0,0.0,5.0,0.0,3.0,0.0,3.0,0.0,4.0,20.0,2.0,0.0,18.0,24.0,21.0,0.0,23.0,22.0,0.0,1.0,3.0,3.0,0.0,0.0,0.0,6.0,0.0,0.0,0.0,18.0,0.0,0.0,5.0,23.0,4.0,0.0,6.0,22.0,5.0,0.0,0.0,23.0,0.0,20.0,15.0,6.0,0.0,23.0,0.0,16.0,1.0,0.0,24.0,9.0,2.0,21.0,0.0,22.0,1.0,4.0,0.0,21.0,0.0,22.0,0.0,9.0,0.0,0.0,22.0,0.0,5.0,1.0,22.0,19.0,21.0,0.0,0.0,17.0,0.0,0.0,13.0,22.0,10.0,2.0,23.0,0.0,0.0,5.0,0.0,0.0,1.0,22.0,1.0,0.0,6.0,21.0,16.0,0.0,19.0,0.0,3.0,0.0,0.0,0.0,0.0,0.0,22.0,1.0,0.0,0.0,21.0,0.0,1.0,23.0,20.0,1.0,0.0,22.0,6.0,1.0,21.0,0.0,0.0,20.0,0.0,0.0,0.0,0.0,0.0,1.0,16.0,0.0,20.0,16.0,22.0,19.0,0.0,13.0,0.0,0.0,22.0,11.0,22.0,22.0,0.0,0.0,13.0,9.0,0.0,16.0,9.0,0.0,9.0,0.0,0.0,1.0,0.0,0.0,18.0,22.0,17.0,5.0,0.0,0.0,1.0
MP,12.6,8.0,30.2,25.8,13.0,13.0,32.9,14.6,25.6,24.4,8.8,9.3,19.9,13.8,30.7,34.5,33.7,33.4,14.7,18.0,20.2,15.9,7.3,16.5,12.6,33.1,37.3,25.5,32.1,8.9,34.8,23.7,16.5,27.0,34.8,6.0,15.9,25.5,5.3,12.1,10.6,10.9,29.0,25.8,16.8,15.4,31.9,28.0,25.0,2.1,32.9,28.2,35.5,15.0,20.7,15.0,15.9,3.7,14.1,7.4,10.5,11.6,36.3,3.7,13.9,33.3,20.7,25.8,26.6,26.4,15.0,18.3,12.8,26.9,31.2,15.9,4.7,13.1,14.0,28.9,30.6,4.4,32.2,4.7,34.4,27.7,28.0,25.8,29.7,23.5,27.9,33.5,20.9,38.1,8.0,18.8,14.5,18.6,16.6,28.4,24.4,35.9,3.5,21.6,31.3,13.3,33.5,29.7,24.8,15.0,17.7,34.4,2.8,34.0,32.4,23.5,29.2,8.3,21.0,23.0,17.5,24.0,9.1,10.8,17.0,15.1,19.5,5.3,33.4,17.3,30.6,17.7,35.3,21.3,33.8,26.3,34.5,3.5,7.4,34.9,18.5,28.9,19.6,32.2,10.0,25.9,31.0,35.4,9.6,19.9,20.5,19.8,13.2,25.5,33.1,10.0,30.3,23.3,33.0,21.4,4.1,21.2,36.7,31.1,13.3,15.0,22.8,24.9,33.6,3.8,27.3,5.9,17.2,35.8,24.5,19.8,11.2,13.1,11.6,16.1,17.1,17.3,32.7,5.5,27.7,11.0,28.4,18.8,23.6,16.7,30.3,32.4,1.0,28.7,11.7,10.8,3.0,30.2,24.6,26.3,20.7,27.2,17.3,26.8,34.0,4.3,22.3,36.4,15.4,18.5,3.3,22.2,17.3,19.7,24.4,24.5,13.2,30.4,12.3,23.6,3.0,5.3,24.5,13.5,31.7,20.9,26.2,19.3,4.9,30.3,27.7,24.9,28.1,19.4,11.6,15.0,16.6,11.7,14.5,37.3,25.8,7.4,29.8,16.7,23.0,34.0,15.8,26.6,9.0,10.3,35.7,26.8,17.3,8.1,28.4,28.3,31.9,37.4,2.2,6.9,22.7,21.6,14.0,3.2,5.1,14.8,36.0,23.2,6.1,13.2,11.1,34.5,18.3,5.4,11.6,23.9,7.3,24.7,15.9,10.5,17.2,16.3,10.9,7.6,21.6,4.3,23.7,32.8,22.5,18.8,26.6,31.9,31.8,14.3,21.0,30.2,16.6,4.2,22.1,22.1,22.1,6.1,8.4,27.0,4.1,5.5,9.9,21.7,18.6,2.5,26.2,21.4,14.7,2.7,22.1,35.2,21.4,4.0,16.0,17.5,6.0,32.7,25.7,21.0,28.9,31.5,9.4,29.0,12.8,12.5,27.7,11.6,13.2,34.4,11.6,33.9,20.6,13.8,3.0,27.9,21.9,26.6,12.1,28.1,4.0,22.3,30.9,4.2,18.9,9.1,27.3,31.2,31.9,20.0,18.5,30.5,8.5,10.7,26.8,21.7,24.8,16.6,29.6,13.4,9.3,24.9,10.1,16.5,21.7,19.3,18.8,12.0,30.1,29.1,29.3,11.3,29.3,15.5,26.5,27.0,3.5,4.7,20.1,4.0,31.6,16.2,21.6,17.3,33.3,16.3,19.0,33.7,29.3,19.1,11.0,34.9,24.3,25.2,28.4,17.5,10.9,28.1,10.8,2.6,5.2,13.0,13.0,10.5,27.6,7.9,31.4,31.8,33.5,36.0,11.7,32.4,11.7,10.7,35.7,22.8,33.5,36.5,5.4,10.1,29.0,15.8,24.7,27.4,17.9,2.5,35.9,9.3,3.0,6.5,5.8,6.3,25.0,29.8,25.1,13.5,5.5,5.0,8.0
FG,1.4,0.8,4.3,2.9,1.9,1.3,6.5,0.8,3.8,1.9,0.8,0.7,2.7,0.9,4.3,8.0,8.2,4.5,2.0,1.3,3.2,1.5,1.0,1.5,2.4,5.7,8.2,2.6,5.2,1.5,4.4,3.7,1.6,4.0,7.6,1.0,3.6,3.7,0.5,1.2,1.7,1.2,2.9,1.9,2.5,2.2,6.5,5.1,1.8,0.3,7.0,4.6,7.2,1.7,2.8,2.3,1.6,0.2,2.0,0.6,1.8,2.1,7.8,0.3,1.9,5.3,2.4,5.5,3.6,3.2,1.3,2.3,2.2,3.1,7.0,2.5,0.3,1.1,2.6,5.8,4.6,0.0,6.1,0.6,9.8,2.7,3.3,4.3,4.9,2.2,4.1,8.5,3.4,11.0,0.9,1.6,1.6,2.7,2.0,3.3,2.5,10.0,0.0,2.1,4.2,1.3,6.5,6.4,3.0,1.3,1.5,9.2,0.2,5.8,3.9,6.1,3.0,1.1,2.4,3.2,2.0,4.2,1.0,1.1,2.1,1.8,1.4,0.4,5.7,1.8,3.7,3.5,4.6,3.6,7.4,4.8,7.0,0.2,0.3,7.2,3.1,5.3,2.4,4.0,0.7,3.9,5.9,4.8,0.8,2.3,3.0,2.3,1.4,2.5,3.9,1.3,3.4,3.0,7.5,2.5,0.4,4.2,8.4,5.2,3.0,1.0,4.2,3.6,6.7,0.0,2.0,0.3,3.0,7.4,3.7,2.7,0.9,2.3,1.6,2.2,2.8,2.8,7.1,1.0,1.6,1.4,6.1,2.2,1.9,2.9,5.7,6.1,0.0,5.5,0.9,1.4,0.0,5.7,2.3,4.7,2.0,5.1,2.1,2.8,9.2,0.8,4.3,8.7,3.4,1.7,0.3,2.6,1.9,2.6,3.6,3.4,1.3,4.5,1.1,3.9,0.0,1.1,4.0,1.2,4.3,3.4,4.3,5.2,0.3,3.4,5.5,4.5,3.2,2.4,1.6,3.0,3.4,1.4,2.3,7.6,2.6,1.2,3.9,2.6,3.1,8.2,2.0,4.1,0.0,0.8,8.8,5.2,2.0,1.4,6.9,4.5,6.7,6.8,0.2,0.7,3.5,3.1,0.0,0.7,0.8,1.5,4.9,2.2,0.7,1.4,1.7,8.2,1.4,1.2,1.6,3.9,1.9,2.4,2.6,1.5,1.6,3.3,1.1,1.1,4.3,0.8,4.0,6.3,2.9,3.4,4.7,5.6,4.6,2.4,3.6,4.5,2.4,0.4,3.4,3.4,3.3,0.8,0.8,3.9,0.7,0.3,1.5,1.9,2.1,0.0,4.8,4.2,2.5,0.3,4.9,6.7,3.2,0.3,1.9,1.7,1.0,7.4,3.7,3.0,2.6,5.7,2.1,4.4,1.2,0.5,4.2,1.0,1.2,5.8,1.7,7.3,2.8,1.9,1.0,5.2,5.8,5.1,1.7,4.2,0.5,3.0,3.0,0.2,2.4,0.9,3.5,3.6,6.6,3.9,2.3,1.9,0.5,0.6,5.7,2.8,3.8,1.6,6.1,1.9,0.3,3.1,2.0,1.8,2.2,2.8,2.0,0.8,3.6,4.4,2.6,1.3,3.3,2.9,3.3,4.3,0.5,0.7,3.3,1.0,5.0,2.4,2.1,0.9,8.0,2.0,2.3,8.3,2.7,2.8,0.8,8.3,1.9,3.5,5.5,2.9,1.4,5.0,0.8,0.6,0.3,0.7,1.9,0.9,5.5,0.7,7.2,5.5,8.4,8.5,1.4,7.2,0.6,1.7,10.3,2.4,7.4,7.8,0.2,2.0,4.4,2.3,6.0,3.5,2.2,0.3,4.7,1.1,0.0,0.5,0.5,1.3,4.5,5.0,3.9,2.0,0.5,0.0,0.8
FGA,4.1,2.8,7.7,6.9,4.1,2.3,13.9,2.5,8.3,7.2,2.0,2.7,7.2,2.1,10.7,15.4,18.9,10.1,4.5,2.6,7.5,4.4,3.3,4.6,5.0,13.7,18.1,7.1,12.4,2.8,11.4,10.7,3.7,11.0,16.9,3.2,6.8,8.4,1.8,3.0,3.9,2.6,6.7,4.1,5.8,4.4,14.7,11.3,3.8,0.4,16.6,8.5,15.3,4.0,6.8,5.5,4.6,2.0,4.5,1.5,4.0,4.6,16.7,1.0,3.9,12.6,6.1,8.8,8.2,8.3,5.0,5.3,3.9,4.4,15.4,5.7,1.3,3.6,5.3,13.5,9.5,0.4,13.8,0.8,21.3,8.7,7.8,10.7,9.9,5.6,9.6,17.3,9.1,22.2,1.6,3.3,3.2,5.4,5.4,7.9,7.4,20.9,1.0,4.7,8.1,3.3,14.5,12.0,6.4,3.9,3.8,16.8,0.6,12.3,8.9,13.4,6.8,2.8,6.2,6.7,6.0,8.9,3.1,2.8,4.7,4.9,4.0,1.3,13.3,5.2,8.9,7.8,11.7,9.1,16.2,9.8,15.0,1.3,1.1,16.5,7.9,9.7,6.7,6.0,1.7,9.6,13.5,8.5,1.2,5.0,8.5,4.6,4.5,5.7,8.9,4.3,7.3,8.1,16.1,5.9,1.2,9.1,18.5,10.5,5.0,3.4,9.2,8.0,13.7,1.0,6.8,1.1,6.2,16.7,8.2,5.2,2.2,3.9,5.1,4.4,7.9,5.0,13.3,1.5,4.7,3.6,13.2,5.6,6.0,5.6,13.3,12.3,0.0,9.0,2.8,3.5,0.3,12.0,5.1,10.4,5.3,11.2,4.2,7.8,19.1,1.0,11.0,17.3,7.0,3.9,1.3,6.8,3.9,4.7,7.7,7.7,3.2,10.7,3.2,7.5,0.0,1.6,8.5,2.9,6.7,7.2,10.4,9.2,0.9,7.6,12.7,12.1,7.2,4.8,4.0,5.0,7.5,3.1,4.8,16.1,6.6,2.8,8.7,4.6,6.5,17.6,5.5,8.5,3.0,1.6,19.3,11.6,3.5,2.0,15.3,9.6,14.9,15.1,0.8,2.1,8.6,7.3,1.0,1.3,2.7,4.3,13.1,4.3,1.7,3.2,3.9,17.3,3.6,2.7,3.6,7.8,3.1,5.9,6.0,4.9,5.1,7.0,1.8,2.2,8.9,1.0,8.2,13.8,7.7,6.8,10.3,12.8,11.3,5.3,6.2,12.8,5.6,1.3,8.9,6.1,5.7,2.3,1.9,8.6,1.4,2.1,3.5,3.9,2.7,1.0,13.4,8.0,4.4,1.0,9.5,14.5,6.6,0.3,4.5,3.4,1.0,15.9,8.5,7.7,7.2,12.4,4.0,9.9,3.2,0.5,8.0,2.1,2.6,10.8,3.4,15.9,5.9,4.1,1.0,10.2,12.8,10.8,2.7,10.5,2.0,7.3,6.3,1.4,5.6,2.7,8.9,9.1,14.7,7.8,5.6,5.5,1.6,2.4,13.8,6.0,9.5,3.9,14.0,4.0,3.0,6.4,4.1,4.8,4.6,4.8,4.9,2.8,9.7,10.5,8.3,3.1,8.0,6.9,7.3,9.2,0.5,2.3,7.1,1.0,12.1,6.1,4.8,3.1,18.8,4.8,5.6,17.4,4.5,7.4,2.1,17.5,5.1,8.5,10.3,6.3,3.5,9.3,2.9,1.0,0.8,2.7,4.9,2.6,12.6,2.1,16.2,14.3,18.0,18.7,3.5,15.6,2.2,3.2,24.1,6.5,13.5,17.9,1.0,3.1,11.3,6.2,13.0,10.1,5.1,1.0,13.9,1.8,1.0,2.0,1.3,3.3,9.9,9.5,6.8,4.2,1.0,1.0,2.0
FGP,0.354,0.294,0.553,0.42,0.467,0.56,0.466,0.321,0.461,0.266,0.389,0.25,0.377,0.429,0.403,0.519,0.436,0.444,0.444,0.517,0.424,0.337,0.3,0.316,0.472,0.415,0.453,0.36,0.419,0.529,0.383,0.344,0.432,0.358,0.446,0.31,0.522,0.443,0.286,0.392,0.436,0.447,0.432,0.451,0.422,0.5,0.443,0.456,0.475,0.667,0.424,0.544,0.472,0.425,0.404,0.423,0.341,0.083,0.44,0.375,0.438,0.443,0.465,0.333,0.481,0.416,0.393,0.632,0.442,0.389,0.267,0.444,0.567,0.705,0.455,0.432,0.25,0.307,0.495,0.429,0.484,0.0,0.44,0.714,0.461,0.31,0.426,0.408,0.496,0.393,0.421,0.489,0.373,0.498,0.548,0.487,0.519,0.504,0.376,0.418,0.337,0.476,0.0,0.437,0.514,0.4,0.445,0.535,0.47,0.339,0.393,0.549,0.333,0.473,0.441,0.458,0.442,0.405,0.392,0.483,0.333,0.469,0.32,0.41,0.447,0.367,0.35,0.308,0.426,0.346,0.422,0.453,0.393,0.392,0.458,0.493,0.467,0.125,0.25,0.437,0.391,0.547,0.359,0.664,0.4,0.405,0.439,0.559,0.667,0.471,0.353,0.494,0.313,0.442,0.434,0.294,0.466,0.376,0.469,0.427,0.364,0.462,0.451,0.496,0.6,0.294,0.457,0.455,0.486,0.0,0.288,0.25,0.476,0.444,0.456,0.511,0.41,0.595,0.306,0.507,0.359,0.567,0.534,0.667,0.343,0.392,0.462,0.398,0.324,0.519,0.427,0.493,,0.606,0.323,0.388,0.0,0.476,0.462,0.45,0.375,0.455,0.495,0.366,0.483,0.75,0.394,0.502,0.481,0.442,0.25,0.383,0.482,0.553,0.468,0.443,0.397,0.418,0.333,0.52,,0.667,0.463,0.409,0.636,0.465,0.409,0.564,0.286,0.45,0.432,0.372,0.444,0.51,0.395,0.6,0.451,0.45,0.474,0.47,0.391,0.405,0.445,0.566,0.483,0.464,0.372,0.48,0.0,0.526,0.457,0.448,0.571,0.675,0.454,0.467,0.446,0.447,0.25,0.324,0.411,0.431,0.0,0.5,0.292,0.347,0.375,0.5,0.412,0.431,0.444,0.475,0.402,0.458,0.46,0.5,0.638,0.407,0.427,0.296,0.318,0.464,0.581,0.5,0.479,0.75,0.487,0.455,0.376,0.5,0.454,0.438,0.408,0.447,0.573,0.348,0.434,0.286,0.385,0.553,0.58,0.367,0.429,0.449,0.5,0.148,0.415,0.493,0.791,0.0,0.358,0.522,0.577,0.333,0.519,0.461,0.481,1.0,0.416,0.5,1.0,0.464,0.43,0.391,0.361,0.458,0.536,0.449,0.368,1.0,0.524,0.472,0.448,0.535,0.492,0.461,0.472,0.479,1.0,0.507,0.452,0.477,0.625,0.394,0.25,0.413,0.471,0.143,0.432,0.35,0.39,0.399,0.45,0.494,0.403,0.34,0.316,0.227,0.413,0.462,0.397,0.4,0.436,0.486,0.111,0.488,0.49,0.371,0.483,0.575,0.407,0.286,0.368,0.415,0.311,0.419,0.408,0.424,0.458,0.473,1.0,0.286,0.471,1.0,0.417,0.391,0.44,0.304,0.425,0.414,0.419,0.476,0.596,0.378,0.368,0.474,0.372,0.417,0.532,0.459,0.4,0.538,0.277,0.6,0.4,0.25,0.389,0.362,0.439,0.333,0.444,0.384,0.466,0.455,0.396,0.458,0.275,0.521,0.427,0.369,0.549,0.437,0.222,0.64,0.388,0.375,0.457,0.346,0.424,0.25,0.336,0.583,0.0,0.25,0.429,0.38,0.455,0.534,0.581,0.489,0.5,0.0,0.375
3P,0.8,0.2,0.0,0.7,0.0,0.0,0.5,0.0,0.1,0.8,0.0,0.7,0.7,0.3,2.5,0.6,2.0,2.7,1.1,0.0,1.5,1.0,0.5,0.1,0.4,2.0,1.0,1.2,1.3,0.1,1.7,0.7,0.0,1.2,2.9,0.4,0.3,1.7,0.0,0.6,0.6,0.8,1.2,0.0,1.2,0.0,1.2,1.6,0.0,0.0,1.6,0.3,2.1,0.3,0.9,0.8,0.7,0.0,0.5,0.3,0.5,0.3,1.2,0.3,0.7,2.0,1.0,0.0,1.8,1.3,0.3,0.4,0.0,0.0,1.7,0.5,0.0,0.1,1.0,1.2,0.9,0.0,2.5,0.1,1.8,1.9,1.5,1.4,2.1,1.1,1.4,3.9,1.9,0.6,0.0,0.0,0.0,0.9,0.3,1.2,0.7,0.5,0.0,0.4,0.1,0.3,1.5,0.0,1.5,0.8,0.3,1.9,0.0,3.0,0.7,1.3,1.0,0.3,0.7,0.0,2.0,0.1,0.0,0.0,0.7,0.8,0.7,0.1,1.9,1.1,0.8,2.5,1.7,1.8,1.6,0.6,1.3,0.0,0.0,2.2,1.3,0.0,1.2,0.0,0.3,0.8,3.4,0.0,0.6,0.5,0.0,0.6,0.3,1.8,1.1,0.6,0.5,0.9,0.2,1.2,0.1,1.4,3.0,1.4,0.0,0.6,0.8,1.8,1.2,0.0,0.7,0.0,0.4,1.7,0.8,0.0,0.4,0.1,0.4,0.0,1.1,0.1,2.4,0.0,0.7,0.4,1.6,1.0,0.3,0.4,2.1,1.3,0.0,0.0,0.0,0.3,0.0,1.3,0.7,1.8,1.0,2.0,1.1,0.7,2.6,0.3,1.7,1.5,0.0,0.8,0.0,1.0,0.7,0.3,1.1,1.3,0.4,1.2,0.5,0.3,0.0,1.0,0.4,0.6,0.0,0.5,1.2,0.1,0.1,0.0,1.7,1.1,1.8,0.0,0.7,0.0,0.6,0.7,0.8,2.6,0.6,0.6,1.4,0.0,0.0,1.9,1.1,0.9,0.0,0.3,2.6,1.2,0.0,0.1,2.2,0.0,2.7,3.0,0.0,0.1,1.1,0.7,0.0,0.3,0.0,0.3,3.1,0.7,0.0,0.7,0.3,2.7,0.1,0.1,0.5,0.9,0.0,1.0,0.6,0.5,0.2,1.8,0.0,0.0,2.1,0.8,2.0,1.0,1.4,0.0,1.0,1.5,0.7,0.9,0.0,1.0,0.3,0.2,1.7,0.7,0.0,0.5,0.0,1.3,0.3,0.1,0.1,0.0,0.0,0.0,1.2,0.0,0.0,0.0,0.0,2.2,1.1,0.0,0.6,0.0,0.0,1.0,0.3,0.8,1.7,2.1,0.3,0.5,0.8,0.0,0.0,0.0,0.0,1.5,0.2,2.1,0.0,0.8,0.3,0.1,0.2,2.5,0.0,1.9,0.5,0.9,0.8,0.0,0.7,0.0,1.4,0.5,0.4,1.8,0.8,0.6,0.4,0.3,2.5,1.0,1.4,0.1,1.2,0.3,0.0,0.5,0.0,0.2,1.2,0.0,0.2,0.2,1.3,0.3,2.3,0.1,1.6,0.9,1.7,0.2,0.0,0.0,0.4,0.0,0.9,1.9,1.0,0.6,2.2,0.7,1.0,3.0,0.0,1.0,0.3,1.5,0.5,0.5,0.4,0.4,0.1,0.0,0.6,0.2,0.0,0.3,1.1,0.3,0.3,0.4,1.2,1.3,2.7,1.4,0.5,0.6,0.4,0.0,1.9,0.5,0.0,1.5,0.2,0.0,1.5,0.4,2.0,1.9,0.4,0.3,0.7,0.0,0.0,0.2,0.2,0.2,2.6,0.8,0.0,0.0,0.0,0.0,0.0
3PA,2.8,1.2,0.0,2.0,0.1,0.0,1.0,0.0,0.7,4.0,0.3,2.0,2.7,0.6,6.1,2.3,6.0,7.1,2.3,0.0,4.0,3.1,1.8,0.9,1.1,5.2,3.1,4.0,3.8,0.1,5.5,1.7,0.0,4.0,6.9,1.4,0.7,4.0,0.4,1.9,2.2,2.0,3.1,0.0,3.4,0.0,4.1,4.9,0.1,0.1,4.9,1.1,5.1,1.6,2.2,2.3,2.7,0.7,1.4,1.0,1.8,0.7,3.5,0.7,1.7,5.3,3.5,0.0,4.8,4.8,0.7,1.5,0.0,0.0,4.7,1.7,0.0,0.7,2.5,3.8,2.5,0.0,5.3,0.2,4.6,6.2,3.8,4.1,5.2,2.6,4.4,9.7,5.3,2.3,0.0,0.0,0.0,2.2,1.3,3.1,2.5,1.8,0.0,1.8,0.5,1.3,3.6,0.0,3.6,2.6,0.7,4.7,0.0,7.8,2.1,2.9,2.9,0.7,2.7,0.1,4.5,0.2,0.3,0.0,1.7,2.7,2.5,0.6,5.1,3.3,2.3,5.1,4.8,4.7,3.7,1.3,3.6,0.7,0.3,6.1,3.6,0.0,3.3,0.0,0.7,2.8,8.2,0.0,0.8,1.5,1.0,1.5,1.4,4.4,3.3,2.2,1.8,3.1,1.0,3.5,0.1,4.5,8.2,3.9,0.0,2.4,2.6,4.8,3.5,0.5,3.0,0.1,1.4,4.9,2.1,0.0,1.1,0.1,2.1,0.0,4.1,0.2,5.2,0.0,2.3,1.3,4.1,2.5,1.3,1.1,5.8,3.7,0.0,0.0,0.8,0.9,0.3,3.2,2.3,5.0,4.0,5.2,2.4,2.3,6.1,0.3,4.0,4.4,0.0,2.2,0.3,3.2,1.6,0.7,3.1,3.2,1.2,3.1,1.9,1.1,0.0,1.3,1.8,1.5,0.0,1.4,4.3,0.8,0.4,0.1,4.8,3.4,4.4,0.0,2.0,0.0,2.4,1.8,1.9,6.9,1.8,2.0,3.1,0.0,0.1,4.8,3.3,2.8,1.0,0.3,7.2,3.8,0.0,0.2,5.8,0.0,6.4,7.0,0.2,0.7,3.8,2.3,0.0,0.7,0.0,0.8,8.1,1.6,0.2,1.9,1.4,5.8,0.6,0.4,1.5,2.6,0.1,2.8,2.1,1.2,0.9,3.5,0.1,0.0,4.7,1.0,4.7,3.1,4.6,0.0,2.9,4.4,2.1,2.7,0.0,3.8,1.2,0.4,4.4,1.7,0.5,1.8,0.2,3.5,0.5,0.8,0.7,0.1,0.0,1.0,4.4,0.0,0.1,0.0,0.0,5.8,3.1,0.0,1.9,0.0,0.0,3.1,1.0,3.5,4.8,5.3,1.1,2.1,2.3,0.0,0.1,0.0,0.0,3.6,0.5,5.6,0.3,1.8,0.3,0.7,0.9,5.4,0.0,5.3,1.5,2.6,2.6,0.4,1.9,0.0,4.0,1.6,1.5,4.0,2.4,2.4,1.3,1.4,6.6,2.4,3.7,0.9,3.7,1.3,1.7,1.6,0.0,1.1,2.6,0.1,1.1,1.6,4.7,1.2,6.9,0.1,5.6,2.9,4.3,1.7,0.0,0.0,1.5,0.0,3.1,5.1,2.6,2.1,6.6,1.5,2.5,7.9,0.1,2.9,1.6,3.9,2.1,1.7,1.3,1.0,0.4,0.0,2.1,0.4,0.0,1.0,3.1,1.1,0.9,1.3,3.3,3.8,6.6,3.7,1.6,2.0,0.9,0.0,5.6,1.8,0.0,3.9,0.9,0.0,4.8,2.3,5.0,5.6,1.8,1.0,3.0,0.1,1.0,1.1,0.6,0.9,6.2,2.0,0.0,0.0,0.0,0.3,0.0
3PP,0.273,0.143,,0.325,0.0,,0.476,0.0,0.167,0.205,0.0,0.333,0.268,0.455,0.403,0.239,0.344,0.382,0.478,,0.385,0.328,0.273,0.125,0.391,0.383,0.303,0.294,0.333,1.0,0.313,0.4,,0.292,0.424,0.308,0.462,0.437,0.0,0.344,0.29,0.417,0.382,,0.36,0.0,0.3,0.333,0.0,0.0,0.333,0.238,0.407,0.194,0.419,0.364,0.25,0.0,0.333,0.313,0.286,0.417,0.351,0.5,0.417,0.375,0.276,,0.368,0.279,0.5,0.278,,,0.367,0.297,,0.2,0.408,0.311,0.364,,0.467,0.5,0.396,0.301,0.391,0.337,0.397,0.41,0.307,0.401,0.362,0.26,,,,0.388,0.226,0.371,0.283,0.282,,0.222,0.273,0.25,0.41,1.0,0.413,0.286,0.4,0.407,,0.383,0.319,0.442,0.341,0.364,0.262,0.0,0.444,0.5,0.0,,0.432,0.296,0.286,0.167,0.368,0.327,0.333,0.481,0.354,0.38,0.44,0.448,0.366,0.0,0.0,0.363,0.35,0.0,0.355,,0.5,0.292,0.417,0.0,0.75,0.355,0.0,0.379,0.238,0.409,0.329,0.269,0.302,0.29,0.227,0.342,1.0,0.308,0.361,0.371,,0.25,0.308,0.366,0.341,0.0,0.246,0.0,0.286,0.349,0.383,,0.368,1.0,0.172,,0.277,0.5,0.456,,0.296,0.333,0.378,0.375,0.25,0.35,0.369,0.364,,,0.0,0.333,0.0,0.392,0.296,0.365,0.25,0.379,0.466,0.296,0.421,1.0,0.417,0.349,0.0,0.372,0.0,0.31,0.457,0.375,0.344,0.416,0.304,0.385,0.281,0.273,,0.786,0.2,0.409,0.0,0.367,0.282,0.176,0.333,0.0,0.347,0.324,0.398,0.0,0.368,,0.269,0.375,0.405,0.375,0.342,0.308,0.452,,0.0,0.387,0.329,0.318,0.0,1.0,0.36,0.316,0.0,0.333,0.378,0.0,0.422,0.435,0.0,0.182,0.297,0.309,,0.5,,0.389,0.383,0.405,0.0,0.382,0.2,0.46,0.154,0.25,0.333,0.346,0.0,0.339,0.303,0.385,0.25,0.5,0.0,,0.44,0.75,0.43,0.306,0.294,,0.333,0.352,0.318,0.349,0.0,0.265,0.227,0.5,0.386,0.425,0.1,0.304,0.0,0.383,0.6,0.1,0.1,0.0,,0.0,0.273,,0.0,,,0.386,0.367,,0.316,,,0.328,0.333,0.238,0.352,0.397,0.25,0.229,0.357,,0.0,,,0.408,0.444,0.379,0.167,0.438,1.0,0.214,0.25,0.454,,0.362,0.333,0.339,0.316,0.0,0.351,,0.355,0.333,0.25,0.44,0.346,0.244,0.313,0.231,0.372,0.434,0.393,0.118,0.333,0.208,0.0,0.281,,0.2,0.449,0.0,0.2,0.125,0.281,0.241,0.327,0.5,0.29,0.299,0.39,0.1,,,0.278,,0.275,0.385,0.407,0.29,0.331,0.444,0.379,0.387,0.0,0.333,0.214,0.372,0.261,0.268,0.321,0.364,0.2,,0.273,0.5,,0.333,0.353,0.316,0.3,0.278,0.354,0.344,0.414,0.371,0.292,0.308,0.438,0.0,0.333,0.258,,0.376,0.25,,0.306,0.167,0.397,0.344,0.219,0.25,0.222,0.0,0.0,0.182,0.286,0.214,0.414,0.409,,,,0.0,
2P,0.7,0.7,4.3,2.3,1.9,1.3,6.0,0.8,3.7,1.1,0.8,0.0,2.0,0.7,1.9,7.5,6.2,1.8,0.9,1.3,1.7,0.5,0.5,1.4,2.0,3.7,7.2,1.4,3.9,1.4,2.7,3.0,1.6,2.8,4.6,0.6,3.3,2.0,0.5,0.5,1.1,0.3,1.7,1.9,1.2,2.2,5.3,3.5,1.8,0.3,5.4,4.4,5.1,1.4,1.9,1.5,0.9,0.2,1.5,0.3,1.3,1.8,6.5,0.0,1.1,3.3,1.5,5.5,1.8,1.9,1.0,1.9,2.2,3.1,5.3,2.0,0.3,1.0,1.6,4.6,3.7,0.0,3.6,0.4,8.0,0.9,1.8,3.0,2.9,1.1,2.7,4.6,1.5,10.5,0.9,1.6,1.6,1.9,1.7,2.2,1.8,9.5,0.0,1.7,4.0,1.0,5.0,6.3,1.5,0.6,1.2,7.3,0.2,2.8,3.2,4.9,2.0,0.9,1.7,3.2,0.0,4.1,1.0,1.1,1.4,1.0,0.7,0.3,3.8,0.7,3.0,1.1,2.9,1.8,5.8,4.2,5.7,0.2,0.3,5.0,1.8,5.3,1.3,4.0,0.3,3.0,2.5,4.8,0.2,1.8,3.0,1.7,1.1,0.7,2.8,0.7,2.9,2.1,7.3,1.3,0.3,2.8,5.4,3.8,3.0,0.4,3.4,1.9,5.5,0.0,1.2,0.3,2.6,5.7,2.9,2.7,0.5,2.3,1.2,2.2,1.7,2.7,4.7,1.0,0.9,1.0,4.6,1.3,1.6,2.5,3.5,4.8,0.0,5.5,0.9,1.1,0.0,4.4,1.7,2.9,1.0,3.2,1.0,2.2,6.7,0.5,2.7,7.2,3.4,0.9,0.3,1.6,1.1,2.3,2.6,2.1,0.9,3.3,0.5,3.6,0.0,0.1,3.6,0.6,4.3,2.9,3.1,5.0,0.1,3.4,3.8,3.4,1.4,2.4,0.8,3.0,2.7,0.7,1.5,5.0,2.0,0.5,2.5,2.6,3.1,6.3,1.0,3.2,0.0,0.6,6.3,4.0,2.0,1.3,4.7,4.5,4.0,3.7,0.2,0.6,2.4,2.4,0.0,0.3,0.8,1.2,1.8,1.5,0.7,0.7,1.4,5.5,1.3,1.1,1.1,3.0,1.9,1.4,1.9,1.0,1.4,1.5,1.1,1.1,2.2,0.0,2.0,5.3,1.5,3.4,3.7,4.1,4.0,1.4,3.6,3.5,2.2,0.2,1.7,2.7,3.2,0.3,0.8,2.5,0.4,0.2,1.4,1.9,2.1,0.0,3.6,4.2,2.5,0.3,4.9,4.5,2.1,0.3,1.3,1.7,1.0,6.4,3.3,2.2,0.9,3.6,1.9,4.0,0.3,0.5,4.2,1.0,1.2,4.3,1.4,5.2,2.7,1.2,0.7,5.0,5.5,2.7,1.7,2.2,0.0,2.1,2.1,0.2,1.8,0.9,2.0,3.1,6.2,2.1,1.5,1.3,0.1,0.2,3.2,1.7,2.3,1.4,4.9,1.7,0.3,2.7,2.0,1.5,1.1,2.8,1.8,0.6,2.3,4.1,0.3,1.3,1.6,2.0,1.7,4.2,0.5,0.7,2.9,1.0,4.2,0.4,1.0,0.3,5.8,1.3,1.4,5.3,2.7,1.9,0.4,6.9,1.4,3.1,5.0,2.5,1.3,5.0,0.3,0.4,0.3,0.3,0.8,0.6,5.3,0.4,6.1,4.2,5.6,7.2,0.9,6.5,0.2,1.7,8.5,1.9,7.4,6.4,0.0,2.0,2.9,1.9,4.0,1.6,1.8,0.0,4.0,1.1,0.0,0.3,0.4,1.1,1.9,4.2,3.9,2.0,0.5,0.0,0.8
2PA,1.3,1.7,7.7,4.9,4.0,2.3,12.9,2.5,7.6,3.2,1.7,0.7,4.5,1.6,4.6,13.1,12.9,3.0,2.2,2.6,3.5,1.3,1.5,3.7,4.0,8.4,15.0,3.1,8.5,2.8,6.0,9.0,3.7,7.0,10.0,1.8,6.2,4.5,1.4,1.1,1.7,0.6,3.6,4.1,2.4,4.4,10.6,6.4,3.8,0.3,11.8,7.4,10.2,2.3,4.7,3.2,1.9,1.3,3.2,0.5,2.3,3.9,13.2,0.3,2.1,7.3,2.7,8.8,3.3,3.5,4.3,3.8,3.9,4.4,10.7,4.0,1.3,2.9,2.8,9.8,7.0,0.4,8.5,0.6,16.7,2.6,4.0,6.5,4.7,3.0,5.2,7.7,3.8,19.9,1.6,3.3,3.2,3.2,4.1,4.8,4.9,19.1,1.0,2.9,7.6,2.0,10.9,11.9,2.8,1.3,3.1,12.1,0.6,4.5,6.7,10.5,3.9,2.1,3.6,6.5,1.5,8.7,2.9,2.8,3.0,2.2,1.6,0.7,8.2,1.9,6.5,2.7,6.9,4.4,12.6,8.5,11.5,0.7,0.8,10.4,4.3,9.7,3.5,6.0,1.0,6.7,5.3,8.5,0.4,3.5,7.5,3.1,3.1,1.3,5.6,2.1,5.5,5.0,15.1,2.4,1.1,4.6,10.4,6.7,5.0,1.0,6.6,3.1,10.2,0.5,3.8,1.0,4.8,11.8,6.0,5.2,1.1,3.8,3.1,4.4,3.8,4.8,8.1,1.5,2.3,2.4,9.1,3.0,4.7,4.5,7.5,8.7,0.0,9.0,2.0,2.6,0.0,8.7,2.7,5.4,1.3,6.1,1.8,5.5,13.0,0.8,7.0,12.9,7.0,1.7,1.0,3.5,2.3,4.0,4.7,4.5,2.0,7.6,1.3,6.4,0.0,0.4,6.7,1.5,6.7,5.9,6.2,8.4,0.5,7.5,7.9,8.7,2.8,4.7,2.0,5.0,5.1,1.2,2.9,9.2,4.8,0.8,5.6,4.6,6.4,12.8,2.2,5.8,2.0,1.3,12.2,7.8,3.5,1.9,9.5,9.6,8.5,8.1,0.6,1.4,4.8,5.0,1.0,0.7,2.7,3.5,5.0,2.7,1.5,1.3,2.4,11.5,3.0,2.2,2.1,5.2,3.0,3.0,3.9,3.7,4.2,3.5,1.7,2.2,4.2,0.0,3.6,10.7,3.1,6.8,7.4,8.5,9.2,2.6,6.2,9.0,4.4,0.9,4.5,4.4,5.2,0.5,1.7,5.1,0.9,1.3,2.9,3.9,2.7,0.0,9.0,8.0,4.3,1.0,9.5,8.7,3.6,0.3,2.6,3.4,1.0,12.8,7.5,4.2,2.4,7.2,2.9,7.8,0.8,0.5,7.9,2.1,2.6,7.1,2.9,10.2,5.6,2.3,0.7,9.6,11.8,5.4,2.7,5.2,0.5,4.7,3.7,1.0,3.7,2.7,4.9,7.5,13.2,3.8,3.3,3.1,0.3,1.0,7.2,3.6,5.9,2.9,10.3,2.7,1.3,4.8,4.1,3.6,2.0,4.7,3.8,1.2,5.1,9.3,1.4,3.0,2.4,4.0,3.0,7.5,0.5,2.3,5.6,1.0,9.0,1.1,2.2,1.0,12.2,3.3,3.1,9.6,4.4,4.6,0.6,13.6,3.0,6.8,9.0,5.3,3.1,9.3,0.9,0.6,0.8,1.7,1.8,1.6,11.7,0.9,13.0,10.5,11.4,15.1,1.9,13.6,1.3,3.1,18.5,4.7,13.5,14.0,0.1,3.1,6.5,3.8,8.0,4.5,3.3,0.0,10.9,1.8,0.0,0.9,0.6,2.4,3.7,7.5,6.8,4.2,1.0,0.7,2.0
2PP,0.524,0.4,0.553,0.459,0.477,0.56,0.465,0.327,0.488,0.343,0.467,0.0,0.442,0.419,0.402,0.569,0.479,0.591,0.409,0.517,0.469,0.36,0.333,0.365,0.494,0.434,0.484,0.446,0.457,0.515,0.448,0.333,0.432,0.396,0.461,0.313,0.528,0.449,0.364,0.474,0.625,0.545,0.475,0.451,0.509,0.505,0.498,0.548,0.483,1.0,0.462,0.588,0.504,0.588,0.398,0.467,0.471,0.125,0.486,0.5,0.556,0.448,0.495,0.0,0.533,0.446,0.542,0.632,0.55,0.54,0.231,0.511,0.567,0.705,0.493,0.489,0.25,0.333,0.571,0.474,0.527,0.0,0.424,0.8,0.479,0.333,0.458,0.453,0.606,0.378,0.517,0.599,0.388,0.525,0.548,0.487,0.519,0.586,0.426,0.448,0.364,0.494,0.0,0.568,0.53,0.5,0.457,0.533,0.542,0.45,0.391,0.604,0.333,0.63,0.48,0.462,0.519,0.419,0.488,0.493,0.0,0.469,0.348,0.41,0.455,0.455,0.452,0.429,0.463,0.379,0.453,0.4,0.42,0.406,0.464,0.5,0.498,0.25,0.333,0.481,0.426,0.549,0.364,0.664,0.333,0.452,0.474,0.562,0.5,0.521,0.4,0.552,0.348,0.55,0.496,0.32,0.519,0.431,0.485,0.549,0.3,0.613,0.522,0.569,0.6,0.4,0.515,0.591,0.537,0.0,0.322,0.286,0.531,0.483,0.481,0.511,0.45,0.589,0.395,0.507,0.448,0.57,0.584,0.667,0.389,0.424,0.5,0.418,0.345,0.558,0.471,0.548,,0.606,0.455,0.408,,0.507,0.603,0.528,0.75,0.521,0.535,0.394,0.512,0.667,0.381,0.553,0.484,0.529,0.333,0.449,0.5,0.586,0.548,0.463,0.45,0.431,0.409,0.563,,0.25,0.534,0.409,0.641,0.488,0.496,0.6,0.25,0.459,0.485,0.391,0.517,0.515,0.421,0.6,0.536,0.563,0.517,0.541,0.41,0.636,0.441,0.566,0.489,0.493,0.438,0.558,0.0,0.438,0.514,0.513,0.579,0.703,0.5,0.469,0.465,0.458,0.333,0.391,0.5,0.487,0.0,0.5,0.292,0.338,0.364,0.556,0.467,0.5,0.588,0.482,0.449,0.5,0.552,0.577,0.649,0.469,0.492,0.268,0.333,0.429,0.621,0.5,0.522,,0.561,0.498,0.5,0.5,0.5,0.483,0.428,0.548,0.577,0.382,0.488,0.2,0.385,0.604,0.624,0.571,0.474,0.496,0.444,0.176,0.488,0.5,0.791,,0.4,0.522,0.596,0.333,0.519,0.51,0.579,1.0,0.49,0.5,1.0,0.496,0.442,0.52,0.377,0.503,0.65,0.508,0.4,1.0,0.529,0.472,0.448,0.6,0.5,0.507,0.487,0.512,1.0,0.527,0.468,0.5,0.625,0.426,0.0,0.454,0.58,0.2,0.473,0.35,0.42,0.413,0.473,0.55,0.444,0.415,0.333,0.222,0.452,0.481,0.4,0.491,0.473,0.625,0.25,0.558,0.49,0.425,0.526,0.587,0.466,0.5,0.448,0.438,0.227,0.417,0.689,0.516,0.559,0.556,1.0,0.286,0.522,1.0,0.467,0.421,0.478,0.333,0.477,0.4,0.451,0.55,0.602,0.407,0.8,0.503,0.448,0.454,0.564,0.477,0.425,0.538,0.286,0.667,0.4,0.2,0.45,0.393,0.45,0.417,0.467,0.399,0.496,0.476,0.483,0.48,0.167,0.528,0.456,0.413,0.549,0.453,0.0,0.64,0.447,0.5,0.495,0.347,0.533,,0.367,0.6,,0.333,0.571,0.444,0.522,0.567,0.581,0.489,0.5,0.0,0.375
EFGP,0.446,0.324,0.553,0.467,0.467,0.56,0.483,0.321,0.468,0.323,0.389,0.375,0.427,0.488,0.517,0.537,0.49,0.578,0.567,0.517,0.526,0.452,0.375,0.329,0.514,0.488,0.479,0.443,0.471,0.544,0.458,0.375,0.432,0.412,0.533,0.379,0.544,0.546,0.286,0.5,0.518,0.606,0.52,0.451,0.527,0.5,0.485,0.527,0.475,0.667,0.473,0.559,0.54,0.466,0.471,0.5,0.415,0.083,0.49,0.479,0.5,0.475,0.501,0.5,0.574,0.495,0.47,0.632,0.551,0.47,0.3,0.484,0.567,0.705,0.511,0.476,0.25,0.327,0.59,0.472,0.532,0.0,0.53,0.786,0.503,0.417,0.521,0.473,0.601,0.488,0.491,0.6,0.479,0.511,0.548,0.487,0.519,0.584,0.404,0.491,0.385,0.488,0.0,0.479,0.522,0.45,0.496,0.536,0.586,0.435,0.429,0.606,0.333,0.595,0.479,0.505,0.516,0.452,0.448,0.483,0.5,0.474,0.32,0.41,0.524,0.449,0.438,0.346,0.497,0.449,0.466,0.611,0.466,0.49,0.508,0.523,0.51,0.125,0.25,0.504,0.471,0.547,0.445,0.664,0.5,0.448,0.566,0.559,0.917,0.524,0.353,0.557,0.351,0.599,0.495,0.363,0.503,0.433,0.476,0.528,0.409,0.538,0.531,0.564,0.6,0.382,0.5,0.566,0.53,0.0,0.343,0.25,0.508,0.495,0.506,0.511,0.5,0.601,0.34,0.507,0.431,0.578,0.623,0.667,0.417,0.451,0.521,0.484,0.352,0.552,0.507,0.547,,0.606,0.323,0.433,0.0,0.529,0.53,0.538,0.469,0.542,0.629,0.409,0.55,0.875,0.47,0.546,0.481,0.545,0.25,0.456,0.576,0.583,0.536,0.53,0.452,0.473,0.417,0.54,,0.972,0.484,0.511,0.636,0.5,0.466,0.572,0.357,0.45,0.498,0.417,0.566,0.51,0.487,0.6,0.494,0.563,0.553,0.55,0.438,0.514,0.526,0.566,0.483,0.517,0.471,0.532,0.0,0.605,0.524,0.5,0.571,0.688,0.526,0.467,0.537,0.548,0.25,0.353,0.476,0.48,0.0,0.625,0.292,0.383,0.494,0.575,0.412,0.543,0.481,0.552,0.415,0.479,0.53,0.558,0.638,0.488,0.479,0.343,0.341,0.589,0.581,0.5,0.595,1.125,0.608,0.489,0.465,0.5,0.5,0.498,0.437,0.535,0.573,0.387,0.458,0.357,0.48,0.613,0.584,0.483,0.429,0.528,0.607,0.167,0.425,0.493,0.791,0.0,0.403,0.522,0.577,0.333,0.519,0.538,0.566,1.0,0.483,0.5,1.0,0.495,0.449,0.446,0.478,0.542,0.571,0.474,0.5,1.0,0.524,0.472,0.448,0.604,0.525,0.529,0.476,0.575,1.143,0.514,0.461,0.591,0.625,0.485,0.375,0.473,0.536,0.143,0.491,0.35,0.471,0.428,0.463,0.607,0.476,0.394,0.447,0.295,0.503,0.549,0.473,0.414,0.48,0.521,0.111,0.524,0.49,0.395,0.609,0.575,0.429,0.321,0.435,0.429,0.447,0.427,0.51,0.487,0.574,0.482,1.0,0.286,0.5,1.0,0.453,0.55,0.55,0.402,0.484,0.483,0.504,0.564,0.596,0.443,0.447,0.516,0.425,0.444,0.553,0.489,0.411,0.538,0.372,0.7,0.4,0.313,0.5,0.426,0.45,0.417,0.48,0.43,0.542,0.492,0.462,0.478,0.363,0.521,0.466,0.405,0.549,0.477,0.333,0.64,0.452,0.406,0.534,0.441,0.462,0.375,0.36,0.583,0.0,0.3,0.5,0.41,0.584,0.577,0.581,0.489,0.5,0.0,0.375
FT,0.6,0.3,2.2,1.7,0.4,0.4,3.2,0.2,1.4,0.9,0.9,0.0,1.9,0.5,1.8,5.5,3.9,0.9,0.2,0.9,1.7,0.3,0.3,1.1,0.3,3.0,3.0,0.9,2.6,0.5,3.0,3.0,1.4,1.6,3.6,0.4,1.2,1.5,0.1,0.0,0.9,0.2,0.5,1.7,0.8,1.4,4.6,3.1,0.2,0.1,3.3,1.4,1.3,0.6,1.2,0.6,0.0,0.0,0.9,0.4,0.0,0.2,8.6,0.0,0.3,2.0,1.0,1.0,1.1,1.5,1.0,0.4,0.7,1.1,2.2,1.0,0.3,0.2,0.6,1.8,3.2,0.0,4.6,0.2,7.4,1.2,1.5,2.3,1.4,0.1,0.8,5.1,1.0,8.7,0.3,0.9,0.8,0.4,1.3,0.9,0.9,7.6,0.0,0.4,1.7,1.3,3.6,1.8,1.0,0.5,0.9,5.9,0.0,0.8,1.6,4.7,2.1,0.1,1.0,2.5,0.0,2.0,1.0,0.5,0.2,1.0,0.7,0.1,3.6,0.6,2.1,0.9,5.3,0.5,3.4,1.2,4.1,0.3,0.5,4.1,1.7,1.4,1.5,3.7,3.3,1.0,1.8,1.6,0.0,1.1,2.0,1.1,0.8,0.5,2.0,0.5,2.0,1.9,5.4,0.5,0.2,1.3,8.9,1.1,0.4,0.6,1.6,0.9,2.4,0.3,2.2,0.3,0.7,6.6,1.3,1.8,0.8,0.8,0.4,1.5,0.5,1.5,3.5,1.0,1.4,0.8,1.7,0.7,2.2,0.9,2.2,1.5,0.0,2.8,0.5,0.9,0.0,1.6,0.4,1.7,0.0,2.0,0.7,1.8,3.7,0.8,1.3,5.1,0.7,0.5,0.7,1.3,0.3,1.0,1.7,1.0,0.6,2.9,0.3,1.9,0.0,0.2,1.9,0.9,2.5,1.3,1.2,2.3,0.3,2.6,4.0,3.0,0.7,0.4,0.5,2.0,1.8,0.5,0.4,2.8,1.2,0.5,0.7,1.2,2.6,6.2,0.5,1.3,0.0,0.7,7.3,3.4,0.5,0.5,4.0,0.9,5.4,4.2,0.0,0.8,0.9,0.8,1.0,0.5,0.7,1.0,2.3,1.0,0.1,0.2,0.9,3.0,0.4,0.1,0.4,1.6,0.8,0.8,0.8,0.4,0.4,2.8,0.3,0.2,1.4,0.0,1.4,3.3,1.6,2.3,0.8,1.2,3.0,0.5,1.3,3.2,1.6,0.4,1.4,1.2,0.7,0.5,0.5,0.6,0.1,0.2,0.3,0.4,0.9,0.0,1.4,1.4,0.6,0.0,1.3,1.4,1.0,0.0,0.9,1.0,0.0,3.5,1.7,0.8,1.0,4.2,1.6,1.3,1.0,1.0,1.5,0.8,0.7,1.1,0.5,3.1,1.2,1.2,0.0,2.4,1.9,2.2,0.6,0.7,0.0,1.1,0.4,1.0,0.9,0.5,0.3,0.7,3.0,1.0,0.9,2.1,0.0,0.1,2.2,0.0,1.2,0.6,2.3,0.7,0.0,0.7,0.2,1.9,1.1,0.5,1.3,0.3,1.4,1.2,0.4,0.1,0.7,2.0,1.4,0.8,0.5,0.7,2.3,0.0,4.4,0.4,0.6,0.3,7.8,0.3,0.5,2.4,1.2,1.0,0.6,3.7,1.4,1.7,3.2,0.9,0.8,2.5,0.1,0.0,1.2,0.7,0.0,0.5,1.1,0.2,4.3,1.9,4.2,5.2,0.7,2.8,0.7,0.6,8.5,0.9,2.8,5.3,0.2,0.8,1.7,1.0,4.8,1.1,0.7,0.0,1.6,0.7,0.0,0.4,0.0,0.5,1.8,0.8,2.6,0.6,0.0,0.0,0.8
FTA,0.7,0.5,3.0,1.8,0.5,0.6,4.0,0.3,2.0,1.9,1.3,0.0,2.4,0.6,2.0,7.1,4.5,1.1,0.2,1.6,2.0,0.4,0.7,1.4,0.3,3.1,3.5,1.2,3.8,0.5,3.8,3.3,1.6,2.0,4.6,0.7,1.8,1.8,0.3,0.2,1.4,0.3,0.7,3.5,1.1,1.8,5.6,3.6,0.7,0.3,4.1,1.9,1.7,0.9,1.3,0.7,0.0,0.0,1.5,0.4,0.0,0.4,9.7,0.0,0.3,2.5,1.1,2.1,1.6,1.9,1.3,0.6,1.3,1.5,3.0,1.5,0.3,0.4,0.8,2.2,3.7,0.0,5.1,0.3,9.8,1.6,1.7,2.6,1.5,0.3,1.1,5.5,1.2,10.5,0.5,1.5,1.2,0.6,1.5,1.1,1.3,9.0,0.0,0.5,2.3,1.3,4.5,4.0,1.6,0.6,1.4,6.8,0.0,1.2,2.0,6.0,2.6,0.1,1.1,3.4,0.0,3.3,1.3,0.8,0.3,1.6,1.0,0.1,4.2,0.7,2.6,0.9,6.1,0.7,4.3,2.1,4.8,0.3,0.8,4.5,2.5,2.1,1.7,5.6,3.3,1.9,2.2,2.6,0.0,2.3,4.0,2.2,0.8,0.7,3.0,0.7,2.5,2.2,7.2,0.8,0.7,2.0,10.5,1.4,0.7,0.8,2.4,1.2,2.6,0.5,3.0,0.6,0.8,7.5,1.6,2.6,1.4,1.1,0.6,2.0,0.5,2.5,3.9,1.0,1.8,1.1,2.6,0.8,2.8,1.5,2.8,1.7,0.0,5.6,0.9,1.1,0.0,1.9,0.7,2.2,0.0,2.5,1.0,2.4,4.2,1.5,1.7,7.1,1.1,0.7,0.7,1.6,0.4,1.1,2.1,1.2,0.9,3.8,0.3,2.4,0.0,0.2,2.8,1.0,4.9,1.7,1.8,3.0,0.3,3.6,4.9,3.5,0.8,0.8,0.6,3.0,2.3,0.5,0.8,3.1,1.6,0.5,0.7,1.7,3.5,6.8,0.5,1.5,0.0,0.9,8.3,4.4,0.9,0.8,4.9,1.4,6.3,5.0,0.0,1.1,1.1,1.1,2.0,0.7,0.8,1.4,2.6,1.6,0.5,0.3,1.0,3.4,0.6,0.1,0.4,1.8,1.5,1.2,1.0,0.5,0.5,2.8,0.5,0.6,1.6,0.0,1.5,4.4,2.2,2.7,1.1,1.4,3.7,0.6,1.7,4.0,2.1,0.7,1.7,1.5,1.0,0.9,0.5,0.9,0.1,0.2,0.6,1.5,1.3,0.0,1.4,2.8,0.9,0.0,2.5,2.3,1.2,0.0,1.2,1.2,0.0,4.5,1.9,1.0,1.3,4.7,1.9,2.3,1.0,1.5,3.0,1.2,1.2,1.4,0.8,4.0,1.7,1.5,0.0,3.5,2.7,2.4,1.3,1.0,0.0,1.7,1.3,1.2,1.2,1.2,0.3,1.2,3.6,1.1,1.2,2.6,0.0,0.2,2.9,0.1,1.6,0.9,2.9,1.2,0.0,1.1,0.3,2.7,1.2,0.7,1.8,0.4,2.2,1.6,0.4,0.1,0.9,2.4,1.9,1.3,1.0,0.7,3.4,2.0,5.1,0.7,0.8,0.3,8.8,0.3,0.8,2.7,2.7,1.1,0.6,4.7,1.9,1.9,4.1,1.0,0.9,3.0,0.1,0.0,1.3,1.0,0.0,0.6,1.7,0.3,5.2,2.9,5.4,6.3,0.8,3.4,0.9,0.9,10.5,1.2,5.1,6.9,0.2,1.8,1.9,1.8,5.5,1.3,1.3,0.0,2.1,1.0,0.0,0.6,0.0,0.7,1.9,1.4,4.1,1.0,0.5,0.0,1.0
FTP,0.909,0.667,0.754,0.917,0.8,0.692,0.81,0.667,0.676,0.476,0.667,,0.765,0.833,0.907,0.773,0.867,0.792,1.0,0.583,0.83,0.714,0.5,0.792,0.857,0.964,0.877,0.76,0.69,1.0,0.788,0.9,0.872,0.795,0.78,0.667,0.686,0.872,0.5,0.0,0.65,0.667,0.625,0.5,0.75,0.786,0.815,0.855,0.273,0.5,0.793,0.711,0.763,0.7,0.92,0.857,,,0.594,0.857,,0.5,0.887,,1.0,0.814,0.88,0.457,0.714,0.771,0.75,0.714,0.545,0.714,0.758,0.647,1.0,0.5,0.733,0.83,0.875,,0.897,0.667,0.752,0.742,0.854,0.881,0.905,0.4,0.778,0.929,0.813,0.823,0.6,0.6,0.65,0.643,0.912,0.857,0.71,0.839,,0.857,0.725,1.0,0.792,0.452,0.606,0.8,0.645,0.86,,0.714,0.837,0.778,0.806,0.5,0.846,0.73,,0.611,0.8,0.636,0.667,0.625,0.737,1.0,0.845,0.818,0.814,0.929,0.861,0.75,0.798,0.587,0.844,1.0,0.556,0.925,0.704,0.66,0.875,0.664,1.0,0.545,0.796,0.611,,0.49,0.5,0.488,1.0,0.8,0.677,0.75,0.8,0.837,0.748,0.688,0.333,0.63,0.844,0.781,0.556,0.75,0.667,0.692,0.905,0.5,0.739,0.5,0.813,0.882,0.778,0.702,0.6,0.75,0.667,0.735,0.917,0.6,0.884,1.0,0.805,0.733,0.652,0.882,0.765,0.621,0.793,0.9,,0.5,0.5,0.857,,0.841,0.529,0.8,,0.8,0.739,0.754,0.88,0.5,0.8,0.716,0.667,0.714,1.0,0.778,0.778,0.84,0.786,0.793,0.647,0.759,1.0,0.792,,1.0,0.661,0.933,0.509,0.784,0.657,0.785,1.0,0.724,0.833,0.855,0.875,0.529,0.833,0.667,0.8,1.0,0.467,0.892,0.765,0.857,0.929,0.737,0.74,0.911,1.0,0.861,,0.727,0.889,0.773,0.5,0.6,0.809,0.645,0.864,0.844,,0.667,0.846,0.741,0.5,0.75,0.857,0.727,0.865,0.595,0.2,0.5,0.857,0.901,0.692,1.0,0.833,0.889,0.517,0.68,0.813,0.8,0.714,1.0,0.556,0.4,0.92,,0.941,0.739,0.735,0.846,0.762,0.824,0.831,0.8,0.795,0.787,0.795,0.5,0.842,0.794,0.75,0.583,0.833,0.7,1.0,1.0,0.556,0.259,0.714,,1.0,0.5,0.7,,0.532,0.62,0.842,,0.739,0.786,,0.787,0.862,0.833,0.724,0.898,0.846,0.566,1.0,0.667,0.5,0.7,0.615,0.793,0.6,0.773,0.714,0.778,,0.676,0.696,0.906,0.45,0.692,,0.65,0.286,0.833,0.75,0.444,0.875,0.591,0.842,0.957,0.731,0.778,,0.5,0.763,0.5,0.73,0.647,0.788,0.591,,0.636,0.5,0.712,0.87,0.75,0.738,0.75,0.643,0.763,1.0,1.0,0.778,0.818,0.727,0.625,0.5,1.0,0.683,0.0,0.85,0.667,0.813,0.8,0.886,0.75,0.667,0.887,0.453,0.905,1.0,0.786,0.756,0.889,0.782,0.9,0.833,0.833,0.5,,0.875,0.667,,0.818,0.625,0.75,0.827,0.652,0.78,0.824,0.917,0.818,0.813,0.7,0.81,0.8,0.54,0.763,1.0,0.429,0.88,0.542,0.864,0.81,0.565,,0.737,0.737,,0.667,,0.727,0.941,0.548,0.636,0.591,0.0,,0.75
ORB,0.1,0.3,2.8,0.3,1.0,1.3,1.8,1.3,2.2,0.9,0.9,0.7,1.2,0.5,1.8,1.6,1.0,0.8,0.4,1.7,0.1,0.3,0.2,0.4,0.2,0.4,1.5,1.0,1.4,0.5,0.7,1.0,1.1,0.6,0.8,0.0,0.7,0.1,0.3,0.2,1.0,0.3,1.5,2.4,0.5,2.3,1.0,0.5,2.6,0.0,0.5,2.3,1.3,0.4,0.4,0.3,0.7,0.0,0.7,0.3,0.8,0.2,1.7,0.3,0.4,1.0,0.2,2.5,0.6,0.6,1.0,0.8,0.8,2.7,1.7,0.8,0.3,0.2,0.2,0.7,0.5,0.0,0.4,0.0,2.4,1.1,0.3,0.2,0.4,0.9,0.5,0.6,0.2,1.9,0.7,2.2,1.7,1.3,0.2,0.4,1.2,1.0,0.5,0.7,2.6,0.3,0.9,3.5,0.7,0.1,0.4,0.7,0.2,0.0,0.1,2.1,1.6,0.3,0.7,3.5,0.5,1.4,0.1,1.9,0.3,0.4,0.6,0.0,0.5,0.1,0.6,0.5,0.6,0.4,0.9,1.4,1.0,0.2,0.3,1.1,0.1,2.2,0.4,3.3,0.0,1.0,0.4,3.1,0.0,0.3,0.0,0.3,0.1,0.2,1.8,0.3,2.1,0.6,2.0,1.0,0.4,0.2,1.4,2.0,1.5,0.4,0.6,0.3,0.5,0.0,0.4,0.3,1.1,0.6,0.5,1.6,0.4,1.4,0.2,1.5,0.3,1.3,0.4,1.5,0.4,0.1,0.3,0.5,0.5,1.6,0.3,1.2,0.0,4.5,0.1,1.0,0.0,1.7,0.5,1.0,0.7,1.1,0.1,0.5,0.8,0.5,0.0,1.2,1.2,0.3,0.0,0.5,0.9,1.5,0.9,0.4,0.4,0.7,0.6,2.4,0.0,0.1,1.0,0.3,3.3,0.5,0.8,2.0,0.0,1.8,0.4,0.7,0.0,1.9,0.6,3.0,0.7,0.1,1.0,0.5,0.9,0.1,0.5,1.5,2.1,1.2,0.4,1.5,1.0,0.5,0.6,0.4,0.5,0.9,1.8,3.9,2.4,1.0,0.0,0.1,0.9,0.2,0.0,0.3,0.7,0.9,0.3,0.8,0.1,0.3,0.3,0.8,0.4,0.9,0.2,0.2,0.9,1.5,0.2,0.3,1.1,0.3,1.1,0.9,0.4,0.0,0.4,1.6,0.5,2.0,0.5,0.8,1.3,0.2,2.0,0.7,0.9,0.0,0.6,1.2,1.5,0.0,0.3,0.4,0.0,0.2,0.4,3.2,1.6,0.0,0.4,2.7,2.0,0.0,1.4,0.5,0.7,0.0,0.7,2.0,0.0,1.7,0.3,0.3,1.1,0.8,0.7,0.7,0.0,0.5,1.9,1.0,1.8,2.0,1.4,1.9,1.5,0.2,0.3,2.0,2.2,0.1,1.5,0.6,0.0,0.2,1.0,0.2,0.6,1.3,0.4,1.1,1.3,0.3,0.5,1.1,0.3,0.0,0.5,0.4,1.0,0.4,0.5,1.5,0.3,1.0,1.5,0.2,0.6,1.3,0.3,0.1,0.9,0.3,0.4,0.6,0.6,1.3,0.3,0.5,0.5,0.3,0.3,0.0,0.5,0.3,0.4,0.1,0.5,0.3,0.6,0.6,3.4,0.9,0.7,3.3,1.6,0.6,1.6,0.2,0.2,3.2,0.1,0.0,0.8,0.0,0.0,0.4,2.6,0.1,1.4,0.4,0.4,0.8,0.3,2.0,0.1,0.7,2.2,0.3,4.3,1.2,0.1,2.1,0.2,0.6,0.3,1.0,0.2,0.0,1.2,0.9,0.0,0.3,0.2,0.1,0.4,1.7,1.7,1.3,1.0,0.2,0.5
DRB,0.8,1.0,4.9,2.3,2.7,2.7,4.7,1.5,3.1,5.5,1.7,0.3,2.7,2.4,3.6,7.3,5.0,4.2,1.9,4.6,1.2,1.6,0.3,1.4,1.2,3.0,4.2,3.9,3.8,0.9,7.0,3.0,3.3,2.6,2.3,0.4,2.9,2.7,0.4,1.4,2.2,0.8,3.3,6.0,2.8,2.9,4.8,2.8,7.8,1.1,2.1,6.6,6.5,1.7,1.9,0.7,2.2,0.3,1.3,0.9,0.5,0.4,5.0,1.0,1.8,2.6,1.5,6.0,2.8,3.3,2.0,2.8,1.2,8.2,5.9,2.1,0.7,0.9,1.2,2.1,1.6,0.4,3.1,0.7,8.2,4.1,2.6,1.4,4.6,3.1,2.1,3.4,1.0,9.6,1.2,3.2,4.0,2.6,1.5,2.3,3.8,4.4,0.0,1.8,5.5,1.3,2.9,9.8,3.2,1.6,1.8,7.8,1.0,1.8,3.4,5.5,3.6,0.5,1.7,5.0,1.0,5.2,0.9,1.9,1.5,0.8,1.4,0.4,2.5,2.5,2.8,2.6,3.9,2.1,5.2,6.1,5.4,0.2,0.8,6.3,1.8,5.7,2.2,8.3,0.0,3.4,2.5,8.7,1.2,2.5,3.5,2.4,1.3,2.7,6.7,1.4,5.6,2.7,6.9,3.0,1.1,1.5,6.1,3.4,1.9,1.8,2.6,2.5,4.5,0.5,2.0,1.1,3.2,5.8,2.3,4.3,2.2,2.9,1.3,2.4,2.0,2.4,3.2,1.5,3.4,0.8,2.8,2.7,4.1,3.1,4.0,5.3,1.0,8.2,1.1,1.9,0.3,4.9,2.9,5.1,4.7,5.2,2.0,3.3,2.3,0.5,2.3,6.5,3.1,2.2,0.3,2.3,2.9,2.4,3.8,2.9,1.8,4.0,2.4,4.8,0.0,0.2,4.8,1.3,9.5,2.0,3.9,4.0,1.1,5.3,4.3,2.2,2.3,4.1,0.9,0.0,4.5,0.6,2.9,2.6,2.0,0.8,2.5,3.2,5.5,4.8,3.1,5.2,3.0,1.2,4.3,3.4,1.6,1.6,3.5,3.9,7.9,3.8,0.0,0.9,3.5,1.7,1.0,1.0,1.2,3.2,2.9,1.6,1.0,0.8,0.4,2.8,1.8,0.7,1.2,2.6,1.3,1.9,1.1,1.0,2.7,0.8,2.7,1.0,2.5,1.0,1.7,6.5,5.2,4.8,1.9,3.3,4.2,0.5,2.7,3.6,1.4,0.5,2.3,2.9,4.2,0.6,1.1,2.5,0.4,0.8,1.0,4.7,2.8,0.5,6.0,4.6,2.8,1.0,3.0,3.9,3.3,0.3,2.3,3.6,1.0,4.2,1.5,2.7,4.7,4.4,1.3,3.0,1.3,2.5,5.2,1.2,1.9,5.8,1.8,5.5,3.4,1.7,0.1,6.8,6.1,1.8,1.7,2.5,0.0,1.6,3.5,0.6,2.3,2.1,2.7,5.6,2.8,1.6,3.0,2.7,0.7,1.0,2.8,2.7,5.0,1.3,2.7,2.5,2.3,3.6,2.2,1.0,1.9,2.4,1.9,1.4,3.1,2.8,1.8,1.7,3.4,3.5,2.4,2.5,0.5,0.7,2.2,1.0,3.3,2.1,2.1,1.1,2.1,2.0,2.3,3.0,7.0,1.7,1.1,7.0,3.9,3.6,5.7,1.5,0.5,6.3,1.4,0.2,1.0,0.7,1.1,2.6,8.7,1.5,2.9,3.0,3.5,3.5,2.1,2.3,1.1,1.9,8.6,2.2,10.4,2.9,0.2,2.6,2.2,1.9,2.1,5.0,1.6,0.8,3.4,1.5,2.0,0.4,0.8,0.8,2.0,4.4,4.1,2.2,1.0,1.0,1.0
TRB,0.9,1.3,7.7,2.5,3.7,4.0,6.5,2.8,5.3,6.5,2.6,1.0,3.9,2.8,5.4,8.9,6.0,5.0,2.3,6.3,1.3,1.8,0.5,1.8,1.4,3.4,5.7,4.9,5.2,1.4,7.7,4.0,4.4,3.2,3.1,0.4,3.6,2.9,0.6,1.6,3.2,1.1,4.7,8.4,3.3,5.2,5.8,3.3,10.4,1.1,2.6,8.8,7.8,2.1,2.3,1.0,2.9,0.3,2.0,1.1,1.3,0.5,6.7,1.3,2.2,3.6,1.7,8.5,3.4,3.9,3.0,3.7,1.9,10.9,7.6,3.0,1.0,1.1,1.4,2.8,2.2,0.4,3.5,0.7,10.6,5.2,3.0,1.6,5.1,3.9,2.5,4.0,1.2,11.5,1.9,5.4,5.7,3.9,1.7,2.7,5.0,5.4,0.5,2.5,8.1,1.7,3.8,13.3,3.9,1.6,2.1,8.5,1.2,1.8,3.5,7.6,5.3,0.7,2.3,8.5,1.5,6.5,1.0,3.7,1.7,1.2,2.0,0.4,3.0,2.5,3.4,3.1,4.5,2.5,6.1,7.5,6.4,0.3,1.1,7.4,1.9,7.9,2.6,11.5,0.0,4.4,2.9,11.8,1.2,2.8,3.5,2.7,1.5,2.9,8.5,1.8,7.7,3.3,9.0,4.1,1.6,1.7,7.5,5.4,3.5,2.2,3.2,2.8,5.0,0.5,2.5,1.4,4.2,6.4,2.8,5.8,2.6,4.3,1.5,3.9,2.3,3.7,3.5,3.0,3.9,0.9,3.1,3.2,4.6,4.7,4.2,6.4,1.0,12.7,1.2,2.9,0.3,6.7,3.3,6.2,5.3,6.3,2.0,3.8,3.1,1.0,2.3,7.6,4.3,2.5,0.3,2.7,3.7,4.0,4.7,3.3,2.2,4.7,3.0,7.2,0.0,0.3,5.7,1.6,12.8,2.5,4.7,6.0,1.1,7.1,4.8,2.9,2.4,6.0,1.5,3.0,5.3,0.7,3.9,3.0,2.9,0.8,3.0,4.7,7.6,6.0,3.5,6.7,4.0,1.7,4.9,3.8,2.1,2.5,5.4,7.8,10.3,4.9,0.0,0.9,4.4,1.9,1.0,1.3,1.9,4.0,3.2,2.4,1.1,1.1,0.7,3.6,2.2,1.6,1.4,2.8,2.2,3.4,1.3,1.3,3.8,1.0,3.8,1.9,2.9,1.0,2.1,8.0,5.7,6.8,2.3,4.2,5.6,0.7,4.7,4.3,2.3,0.5,2.9,4.1,5.7,0.6,1.4,2.9,0.4,1.0,1.4,7.9,4.4,0.5,6.4,7.3,4.8,1.0,4.4,4.5,4.0,0.3,3.0,5.5,1.0,5.9,1.8,3.0,5.8,5.2,2.0,3.7,1.3,3.0,7.1,2.2,3.7,7.7,3.2,7.4,4.9,1.9,0.4,8.9,8.3,1.9,3.3,3.1,0.0,1.8,4.5,0.8,2.9,3.4,3.1,6.6,4.1,1.9,3.5,3.8,0.9,1.0,3.4,3.1,6.0,1.8,3.1,4.0,2.7,4.6,3.7,1.2,2.5,3.7,2.2,1.5,4.0,3.0,2.1,2.3,3.9,4.8,2.7,3.0,1.0,1.0,2.4,1.0,3.8,2.4,2.5,1.1,2.6,2.3,2.8,3.6,10.3,2.6,1.8,10.4,5.5,4.2,7.2,1.8,0.7,9.4,1.5,0.2,1.8,0.7,1.1,3.0,11.3,1.6,4.3,3.4,4.0,4.3,2.4,4.3,1.2,2.6,10.9,2.5,14.7,4.0,0.3,4.8,2.4,2.5,2.3,6.0,1.8,0.8,4.7,2.3,2.0,0.7,1.0,0.9,2.4,6.1,5.8,3.5,2.0,1.2,1.5
AST,0.4,0.0,0.6,1.2,0.1,0.5,1.7,1.2,0.9,1.7,0.6,0.7,0.9,0.9,1.1,6.1,2.5,2.0,1.1,0.6,2.9,0.5,0.5,2.6,1.1,5.4,1.2,2.8,2.5,0.4,5.5,4.3,0.4,2.6,3.1,0.3,0.8,1.8,0.3,0.4,0.6,0.4,4.6,1.1,1.1,0.6,5.0,1.5,2.2,0.1,2.7,2.5,2.5,1.0,2.8,2.2,0.7,0.0,0.7,1.0,0.3,1.4,4.1,1.0,2.6,3.0,1.0,0.9,1.1,1.8,2.7,1.3,0.3,0.7,1.7,0.5,0.3,2.5,1.1,2.1,4.7,1.0,5.7,0.4,3.4,1.1,1.2,2.1,2.4,0.5,2.6,5.8,1.0,2.2,0.1,0.6,0.2,1.2,3.0,5.7,1.3,4.4,0.0,2.2,2.4,1.3,6.5,1.3,2.0,0.9,2.9,4.8,0.2,2.0,3.7,1.7,1.4,1.3,1.7,0.9,4.5,0.6,1.9,0.4,1.4,1.7,0.9,0.1,3.3,2.1,7.3,0.7,2.1,1.6,4.1,2.5,3.2,0.2,0.5,3.4,2.1,1.5,2.5,1.0,0.3,1.7,2.5,1.5,0.4,0.4,0.0,0.5,1.2,2.1,7.3,1.3,1.2,1.5,4.6,0.9,0.2,1.5,11.4,1.0,0.6,1.8,2.4,1.3,1.8,0.5,3.7,0.1,1.8,3.9,1.4,1.1,0.4,0.8,0.6,0.6,1.0,0.9,4.2,0.0,2.0,0.9,6.1,1.0,2.7,0.9,2.1,5.3,0.0,1.2,3.1,0.5,0.0,0.9,3.5,1.6,0.3,1.8,1.7,1.8,4.8,0.8,4.3,9.1,1.0,0.8,0.3,5.1,0.8,1.8,1.9,2.0,0.8,3.1,0.4,2.7,0.0,0.2,1.1,2.8,0.6,2.4,2.7,0.6,0.5,1.3,2.7,2.9,2.0,0.5,0.9,0.0,1.0,1.7,0.8,2.8,4.4,0.5,2.0,1.4,0.7,3.0,1.0,1.6,0.0,0.8,5.5,6.2,1.8,0.5,2.3,0.8,1.6,7.6,0.2,0.3,1.4,3.0,0.0,0.0,0.0,0.1,2.2,0.3,0.3,1.2,0.4,3.7,4.2,0.1,0.1,1.5,0.3,1.2,0.6,0.6,2.3,0.8,0.3,0.3,0.7,1.0,3.6,3.5,1.0,2.1,3.0,2.0,1.7,0.6,1.0,3.8,0.4,0.7,2.0,1.4,1.2,1.0,0.1,4.6,0.3,0.4,0.2,2.8,0.7,0.0,1.4,1.5,1.1,0.0,0.9,3.0,1.7,0.0,0.7,2.4,0.0,2.2,4.4,0.8,1.6,9.0,0.4,5.3,0.3,0.5,4.5,0.9,0.4,1.5,0.8,1.3,0.8,1.1,0.4,3.3,1.1,1.0,0.3,1.8,0.0,2.0,1.1,0.4,0.7,0.3,6.7,7.1,4.8,0.7,1.9,6.5,0.2,0.7,4.8,1.5,1.7,2.4,6.1,0.9,2.0,1.9,0.7,3.1,1.8,0.4,1.9,0.1,3.9,6.2,1.3,0.3,1.0,0.7,1.9,4.8,1.0,0.0,1.5,0.0,6.8,0.7,1.8,1.1,6.2,0.3,0.9,2.1,1.0,1.3,0.7,2.3,1.0,3.0,1.0,3.4,1.8,0.9,0.4,0.4,0.8,1.7,0.2,0.2,2.5,0.9,3.4,3.9,5.0,9.5,0.8,1.0,1.0,1.6,11.3,3.0,0.7,2.4,0.6,0.1,6.5,0.3,3.4,1.2,0.8,0.0,4.0,0.1,0.0,0.4,0.3,0.7,1.1,1.5,1.2,1.0,0.5,0.5,0.0
STL,0.3,0.0,1.2,0.4,0.1,0.7,0.8,0.3,1.8,1.4,0.3,0.0,0.8,0.6,0.4,2.2,1.0,2.0,0.2,0.2,0.3,0.4,0.5,0.7,0.4,0.7,0.8,0.8,0.9,0.1,1.0,0.0,0.4,1.6,0.9,0.2,0.5,0.8,0.1,0.2,0.3,0.1,1.5,0.2,0.7,0.3,1.5,0.4,0.6,0.1,0.9,2.0,1.0,0.6,0.9,0.6,0.6,0.0,0.4,0.4,0.3,0.2,1.6,0.7,0.4,1.2,0.8,0.5,1.1,0.8,0.7,0.4,0.5,0.7,0.8,0.5,0.0,0.3,0.5,1.6,1.3,0.0,1.4,0.0,1.1,1.9,0.5,0.7,1.0,0.6,1.1,1.8,0.3,1.7,0.1,0.3,0.5,0.6,0.4,0.9,1.0,1.3,0.0,0.2,1.0,0.0,1.1,1.6,0.9,0.3,1.2,1.4,0.0,1.0,1.2,0.6,0.9,0.3,0.2,1.0,1.0,1.0,0.0,0.1,0.7,0.2,0.5,0.1,1.1,0.3,1.0,0.4,0.7,1.1,0.9,0.4,1.6,0.0,0.5,1.9,0.7,0.6,1.3,0.5,0.0,0.8,0.7,0.5,0.0,0.6,0.0,0.6,0.8,0.7,2.3,0.3,0.8,0.4,1.1,0.7,0.0,0.4,1.5,1.0,0.2,0.8,0.4,0.8,0.7,0.0,1.3,0.1,0.5,1.1,0.8,0.4,0.4,0.4,0.3,0.2,0.3,0.4,1.1,0.0,1.0,0.4,1.1,0.8,0.9,0.6,0.8,0.6,0.0,1.0,0.7,0.2,0.0,0.6,0.9,0.5,1.0,0.4,0.8,0.6,0.6,0.0,0.7,1.1,0.2,0.4,0.0,1.0,0.6,0.5,0.8,0.5,0.4,1.2,0.3,0.7,0.0,0.2,0.8,0.9,0.5,0.8,0.5,0.4,0.4,0.8,0.8,0.6,0.9,0.4,0.4,0.0,0.3,0.2,0.5,0.9,1.2,0.4,1.0,0.4,0.5,2.0,0.1,0.4,3.0,0.4,1.0,1.4,0.4,0.2,0.6,0.1,1.0,1.5,0.4,0.3,0.5,1.0,1.0,0.0,0.1,0.3,1.2,1.3,0.1,0.4,0.6,1.1,1.2,0.0,0.4,0.3,0.2,0.8,0.3,0.3,0.6,1.0,0.4,0.1,0.8,0.0,0.7,1.8,0.8,1.4,0.8,0.8,1.2,0.3,0.2,0.9,0.2,0.0,0.4,0.6,1.2,0.6,0.4,0.7,0.0,0.1,0.4,0.7,1.1,0.0,0.6,0.7,0.3,0.0,0.4,1.0,0.6,0.0,0.6,0.8,0.0,1.1,0.4,0.3,1.0,2.5,0.6,1.3,0.2,0.5,0.9,0.5,0.5,2.0,0.1,0.6,1.4,0.4,0.0,0.7,0.4,0.8,0.1,0.8,0.0,0.6,1.2,0.0,0.5,0.3,1.0,1.4,0.8,1.0,0.8,1.4,0.4,0.2,1.3,0.7,0.5,0.6,0.8,0.5,0.0,2.1,0.3,0.6,1.0,0.6,0.9,0.1,1.2,0.9,1.5,0.2,0.4,0.3,0.4,0.3,0.5,0.0,0.6,0.0,2.0,0.1,0.9,0.4,0.9,0.4,0.6,0.7,0.5,0.8,0.1,0.8,1.0,0.7,0.9,0.3,1.2,0.4,0.3,0.4,0.2,0.3,0.5,0.2,0.7,0.3,1.6,0.9,1.6,2.2,0.3,1.9,0.6,0.5,1.3,0.8,0.7,0.5,0.0,0.6,0.3,0.3,1.3,0.4,1.2,0.0,1.6,0.4,0.0,0.3,0.3,0.3,0.3,1.1,0.5,0.2,0.0,0.2,0.3
BLK,0.1,0.0,0.9,0.1,0.6,0.6,1.1,0.3,0.5,0.7,0.4,0.0,0.5,0.3,0.1,2.3,0.4,0.3,0.3,0.3,0.0,0.1,0.2,0.3,0.0,0.1,0.2,0.4,0.5,0.2,0.4,0.0,0.4,0.6,0.4,0.0,0.2,0.2,0.0,0.4,0.0,0.5,0.6,1.4,0.3,0.6,0.3,0.0,0.9,0.3,0.3,0.6,0.3,0.1,0.1,0.2,0.2,0.0,0.3,0.2,0.5,0.1,0.4,0.0,0.1,0.1,0.0,1.9,0.5,0.4,0.7,0.1,0.4,0.4,0.2,0.5,0.3,0.0,0.2,0.1,0.1,0.0,0.6,0.1,1.4,0.7,0.3,0.0,0.4,0.7,0.2,0.3,0.2,2.8,0.6,0.8,1.3,0.3,0.0,0.1,0.2,0.0,0.5,0.0,1.2,0.0,0.2,1.2,0.2,0.1,0.3,1.7,0.0,0.0,0.5,2.5,0.1,0.0,0.3,1.0,0.0,1.0,0.1,0.2,0.3,0.2,0.3,0.0,0.0,0.2,0.2,0.7,0.4,0.0,1.6,1.1,0.7,0.0,0.1,0.4,0.0,1.1,0.3,2.6,0.3,0.7,0.5,1.2,0.0,1.0,2.0,0.9,0.1,0.7,1.4,0.1,0.7,0.3,0.6,0.5,0.4,0.2,0.3,0.7,0.6,0.0,0.2,0.1,0.7,0.0,0.5,0.0,0.8,0.2,0.2,1.6,0.3,0.4,0.1,0.9,0.1,0.6,0.2,0.0,0.5,0.1,0.4,0.4,0.6,1.0,0.2,2.6,0.0,1.5,0.1,0.5,0.0,1.9,0.3,0.2,0.3,0.2,0.1,0.6,0.2,0.0,0.3,0.5,0.3,0.2,0.0,0.0,0.3,0.6,1.0,0.1,0.4,0.5,0.6,0.6,0.0,0.2,1.0,0.0,1.7,0.1,0.4,0.9,0.3,1.0,0.1,0.0,0.3,0.5,0.1,0.0,0.5,0.0,0.3,0.2,0.1,0.1,0.3,0.4,1.5,0.5,0.3,0.5,0.0,0.1,0.3,0.6,0.1,0.6,1.7,1.9,0.5,0.3,0.0,0.2,0.4,0.0,1.0,0.2,0.3,0.3,0.2,0.5,0.3,0.3,0.0,0.5,0.1,0.2,0.6,0.1,0.7,0.3,0.1,0.1,0.2,0.0,0.6,0.0,0.6,0.0,0.0,0.9,0.7,0.5,0.4,0.4,0.6,0.1,0.5,0.3,0.1,0.0,0.3,0.7,0.4,0.0,0.2,0.1,0.0,0.0,0.3,0.8,1.9,0.0,0.6,1.0,1.2,0.0,1.2,0.3,0.2,0.3,0.1,0.5,0.0,0.3,0.1,0.3,0.4,0.2,0.6,0.7,0.3,0.0,1.0,0.3,0.5,0.5,0.2,1.7,0.7,0.1,0.3,0.5,0.1,0.1,0.2,0.5,0.0,0.2,1.1,0.0,0.3,0.1,0.2,0.3,0.4,0.3,0.1,0.1,0.0,0.2,0.3,0.4,0.3,0.0,0.2,0.2,0.0,0.3,0.4,0.1,0.3,0.6,0.4,0.2,0.4,0.4,0.5,0.4,0.1,0.5,0.5,0.2,0.0,0.3,0.0,0.0,0.6,0.2,0.5,0.3,0.1,0.1,0.2,0.3,1.5,0.1,0.0,1.5,0.2,0.3,2.2,0.0,0.1,0.8,0.1,0.0,0.2,0.3,0.4,0.4,0.9,0.0,0.7,0.6,0.3,0.6,0.3,0.3,0.0,0.5,0.4,0.6,2.5,0.4,0.0,0.9,0.2,0.3,0.1,0.4,0.3,0.0,0.3,0.8,0.0,0.2,0.0,0.0,0.4,0.5,1.2,0.7,0.0,0.0,0.0
TOV,0.8,0.3,1.9,0.2,0.5,0.3,1.5,0.3,1.4,1.5,0.6,0.3,1.2,0.4,1.0,3.4,1.9,0.9,1.2,0.5,1.3,0.4,0.3,1.5,0.2,2.0,1.5,1.8,2.1,0.3,2.3,3.0,1.1,1.9,1.8,0.0,1.2,0.8,0.5,0.7,0.4,0.3,1.5,1.5,1.0,0.7,3.1,1.5,1.8,0.1,2.5,1.8,1.6,0.6,1.1,1.4,0.6,0.2,0.7,0.3,0.3,0.5,2.1,0.7,1.6,1.1,0.7,1.3,0.4,0.8,2.0,0.9,0.6,1.5,1.6,1.3,0.0,0.6,0.5,2.0,2.2,0.2,2.3,0.0,2.7,1.7,0.8,1.1,1.2,0.7,1.4,3.0,0.5,2.3,0.4,0.9,0.5,0.7,1.5,2.1,0.8,2.6,0.0,1.2,2.0,0.3,2.9,1.9,1.3,0.4,1.4,2.1,0.0,0.3,2.5,3.7,1.1,0.9,1.0,1.2,1.5,1.3,0.9,0.4,0.8,1.4,0.5,0.0,2.4,1.5,2.6,0.7,1.6,0.7,2.1,1.2,2.5,0.0,0.2,3.0,1.8,1.7,1.5,1.6,0.0,1.0,1.9,1.5,0.2,0.7,1.5,0.6,0.4,0.9,1.9,0.6,1.4,1.1,2.1,0.8,0.0,0.8,5.6,1.3,1.1,0.8,1.2,1.4,1.5,0.0,1.7,0.0,1.2,1.9,0.9,1.1,0.4,1.5,0.9,0.8,0.7,1.3,1.4,1.0,1.1,0.8,2.7,0.7,1.4,0.9,1.2,1.4,0.0,2.5,1.3,0.7,0.0,1.3,0.6,1.2,1.3,1.2,0.7,1.6,2.5,0.0,3.0,4.0,0.5,0.5,0.0,1.9,0.6,0.9,1.7,0.9,0.6,1.1,0.4,1.5,0.0,0.3,1.0,0.8,1.6,1.0,1.1,1.4,0.1,0.8,2.6,2.1,1.6,1.0,0.5,0.0,1.1,1.2,0.7,1.7,1.6,0.3,1.0,0.8,1.5,1.8,0.6,1.0,0.0,0.7,2.7,2.4,0.7,0.2,2.1,0.9,2.0,2.9,0.0,0.3,1.2,1.7,2.0,0.0,0.1,0.8,1.8,0.8,0.3,0.6,0.1,2.1,1.3,0.2,0.4,0.9,0.8,0.9,0.8,0.3,1.2,0.3,0.6,0.4,0.6,0.3,1.3,2.4,1.2,1.5,1.3,1.0,2.1,0.3,1.4,3.0,0.6,0.7,1.6,1.2,0.6,0.4,0.2,2.1,0.5,0.3,0.5,1.0,0.7,0.0,1.0,2.3,0.9,0.3,1.3,1.7,1.3,0.0,0.6,1.4,1.0,1.5,1.7,1.3,0.6,2.3,0.7,1.9,0.5,0.0,1.6,0.8,0.4,0.9,0.5,1.5,0.4,0.5,0.0,2.8,1.2,1.7,0.3,1.2,0.0,0.9,0.6,0.0,0.5,0.4,2.7,2.7,2.6,0.5,0.6,1.9,0.4,0.4,3.1,1.1,2.0,0.9,3.0,1.1,0.7,1.0,0.6,0.9,1.4,0.7,0.9,0.5,1.8,1.4,0.8,0.9,0.7,0.6,1.6,1.8,0.0,0.3,1.7,0.0,2.6,0.7,0.8,0.4,2.2,0.7,0.3,2.0,0.5,0.8,0.4,2.2,0.9,1.2,1.6,0.9,0.8,1.6,0.3,0.2,0.5,0.3,0.3,0.8,1.3,0.4,2.3,2.2,2.1,4.5,0.8,1.0,0.2,1.1,5.6,2.2,2.0,2.6,0.3,1.0,2.4,0.5,2.3,0.6,1.1,0.5,1.6,0.4,0.0,0.1,0.1,0.1,0.7,1.4,0.8,0.5,0.0,0.2,0.3
PF,0.9,1.5,2.5,1.6,1.9,2.0,2.2,1.3,2.7,1.4,1.3,1.7,1.7,0.7,1.9,3.8,2.9,1.7,2.1,1.7,1.4,1.2,0.2,1.6,1.0,0.9,1.8,2.6,2.1,0.8,1.6,1.3,2.1,2.3,2.2,0.4,1.6,1.3,0.0,1.2,0.6,1.0,3.0,2.6,2.0,2.4,3.0,1.7,3.6,0.1,3.0,2.3,2.5,1.9,1.5,1.6,1.4,0.3,1.6,0.6,0.0,0.6,1.7,0.7,1.1,1.8,1.4,2.6,2.1,2.6,2.0,0.9,2.5,3.2,2.1,2.9,0.3,1.1,0.9,1.8,1.7,0.6,1.6,0.0,3.8,2.5,2.1,1.3,2.5,1.8,1.9,2.6,1.2,2.0,1.4,3.3,2.4,1.4,1.5,2.1,1.3,1.9,0.0,1.7,3.5,0.7,2.9,2.5,2.8,1.1,2.3,2.2,0.0,0.8,2.4,3.3,3.1,1.3,2.4,2.1,0.5,2.3,0.8,1.1,1.5,1.1,1.6,0.6,2.7,1.3,2.7,1.9,1.4,1.4,2.1,1.5,2.6,0.3,1.1,2.7,1.5,2.4,1.6,3.1,0.3,1.9,2.0,3.5,2.2,2.0,2.5,2.0,1.4,1.7,2.9,1.0,3.8,1.4,2.6,1.6,0.2,1.0,2.6,2.8,1.5,1.4,2.0,2.6,1.8,0.5,3.4,1.0,1.3,1.6,2.2,2.7,0.9,1.6,0.7,2.1,1.2,2.5,2.4,1.5,2.4,1.5,2.8,1.5,2.6,2.3,2.4,2.4,0.0,3.4,0.9,1.0,0.0,2.4,1.3,2.3,1.7,2.4,1.7,1.7,2.1,0.0,2.0,1.7,2.0,1.4,0.0,1.5,1.6,2.6,2.4,1.2,1.3,2.0,1.8,3.1,0.0,0.5,1.4,0.9,2.7,1.7,1.5,2.2,0.3,2.3,1.8,1.6,1.7,2.1,0.9,0.0,1.0,1.5,1.7,2.1,1.7,0.9,2.0,1.6,3.7,1.6,2.4,2.0,0.0,1.3,2.6,0.4,1.5,1.4,2.3,1.9,2.0,2.8,0.0,0.9,1.7,2.0,3.0,0.5,0.8,2.2,2.3,1.3,0.3,1.2,0.7,2.9,1.7,0.4,1.0,1.3,1.3,2.0,1.1,0.9,1.5,1.5,2.2,0.9,1.8,0.3,1.4,2.7,1.4,1.7,2.0,2.0,3.0,0.7,2.4,2.0,0.9,0.6,1.8,1.8,2.1,0.6,1.0,3.2,0.4,0.4,1.5,2.6,2.6,0.0,1.8,2.3,2.1,0.7,2.5,1.9,2.8,0.7,1.9,2.0,3.0,1.6,2.0,0.8,2.5,2.4,2.1,2.1,2.8,1.5,2.7,2.1,2.7,3.0,1.6,3.8,2.0,1.7,0.1,3.2,2.1,1.5,1.4,2.6,0.5,2.0,2.7,0.0,1.2,1.3,1.4,2.4,1.7,1.5,1.0,2.8,0.6,0.4,2.3,2.9,2.0,1.7,1.3,1.8,0.3,1.3,1.1,1.0,2.3,2.3,1.7,1.2,2.4,1.8,2.5,2.2,1.7,2.8,1.6,3.0,1.5,1.3,1.4,0.0,2.5,1.6,1.6,1.1,2.3,1.4,2.0,2.1,2.2,1.4,1.0,3.1,2.1,1.7,3.1,0.9,1.0,2.7,1.2,0.2,0.8,2.0,0.7,1.4,2.0,0.8,2.2,2.6,1.5,2.4,1.3,2.8,0.7,1.6,2.4,2.5,3.3,2.2,0.1,2.0,2.4,1.2,1.0,1.6,1.7,0.5,3.2,1.3,0.0,1.0,0.2,0.3,2.7,1.6,3.3,1.6,0.0,0.5,1.5
PPG,4.3,2.2,10.8,8.1,4.2,3.0,16.7,1.8,9.1,5.5,2.4,2.0,8.0,2.6,12.9,22.0,22.4,12.6,5.3,3.6,9.6,4.2,2.8,4.2,5.5,16.3,20.4,7.2,14.3,3.6,13.5,11.0,4.6,10.7,21.6,2.9,8.6,10.7,1.1,3.0,5.0,3.4,7.5,5.5,7.0,5.9,18.8,15.0,3.8,0.7,19.0,10.8,17.9,4.3,7.6,6.1,3.8,0.3,5.3,1.8,4.0,4.6,25.4,1.0,4.7,14.5,6.8,12.0,10.1,9.3,4.0,5.5,5.2,7.2,18.0,6.4,1.0,2.5,6.8,14.6,13.4,0.0,19.2,1.4,28.8,8.4,9.6,12.3,13.3,5.6,10.3,25.9,9.7,31.4,2.1,4.0,4.1,6.7,5.7,8.7,6.6,28.0,0.0,4.9,10.2,4.3,18.0,14.7,8.4,3.9,4.2,26.2,0.4,15.5,10.1,18.2,9.1,2.6,6.5,8.9,6.0,10.5,3.0,2.8,5.1,5.4,4.2,1.0,16.7,5.3,10.3,10.4,16.2,9.4,19.9,11.5,19.4,0.7,1.0,20.7,9.2,12.0,7.5,11.6,5.0,9.6,17.0,11.1,2.2,6.3,8.0,6.2,3.9,7.4,10.8,3.6,9.4,8.9,20.7,6.8,1.2,11.1,28.5,13.0,6.4,3.2,10.8,9.9,16.9,0.3,6.9,0.9,7.0,23.1,9.5,7.2,3.0,5.5,3.9,5.9,7.3,7.3,20.0,3.0,5.3,4.1,15.4,6.1,6.4,7.1,15.7,15.0,0.0,13.7,2.3,4.0,0.0,14.3,5.8,13.0,5.0,14.2,6.0,8.1,24.6,2.5,11.7,23.9,7.5,4.7,1.3,7.5,4.8,6.4,9.9,9.1,3.4,13.0,2.9,10.0,0.0,3.4,10.1,3.9,11.0,8.5,10.9,12.8,0.9,9.5,16.7,13.0,8.8,5.3,4.4,8.0,9.2,4.0,5.6,20.5,7.0,3.4,9.8,6.4,8.9,24.4,5.6,10.3,0.0,2.6,27.6,15.0,4.5,3.2,20.1,9.9,21.4,20.8,0.4,2.3,9.1,7.8,1.0,2.2,2.2,4.3,15.2,6.0,1.5,3.7,4.6,22.1,3.3,2.7,4.1,10.3,4.7,6.5,6.6,3.7,3.8,11.0,2.4,2.4,12.0,2.3,11.4,16.7,8.8,9.2,11.1,14.0,13.0,6.2,8.5,13.1,6.7,1.3,10.0,8.7,7.3,2.8,2.1,9.7,1.8,0.8,3.3,4.3,5.2,0.0,12.2,9.7,5.7,0.7,11.2,17.0,8.5,0.7,5.2,4.3,2.0,19.2,9.3,7.7,7.8,17.7,6.1,10.7,4.2,2.0,9.8,2.8,3.1,14.1,4.1,19.9,6.8,5.8,2.3,12.9,13.6,14.9,3.9,10.9,1.5,8.0,7.1,1.4,6.4,2.4,8.7,8.5,16.7,10.5,6.2,6.4,1.4,1.6,16.1,6.6,10.2,3.8,15.7,4.9,0.7,7.4,4.2,5.7,6.6,6.1,5.6,2.1,9.9,10.3,7.8,2.8,8.9,8.7,9.8,9.7,1.5,2.0,9.4,2.0,15.3,7.2,5.9,2.7,26.0,4.9,6.2,22.0,6.5,7.5,2.4,21.8,5.8,9.2,14.6,7.0,3.6,12.5,2.3,1.4,1.8,2.3,4.9,2.7,12.4,2.0,19.9,14.2,23.6,23.6,4.0,17.7,2.3,3.9,31.0,6.2,17.6,22.4,0.9,4.8,11.9,6.0,18.7,10.0,5.4,0.8,11.6,2.8,0.0,1.6,1.3,3.3,13.3,11.7,10.5,4.7,1.0,0.0,2.3
